LOCATIONID,STREETNUMBER,STREETNUMBERSUFFIX,STREETNAME,DESIGNATION,ADDITIONALDESC,TOWN,STATE,ZIPCODE,ZIPPLUSFOUR,OWNERCUSTOMERID,OWNERMAILSEQ,PROPERTYCLASS,TAXDISTRICT,BILLINGCYCLE,READINGROUTE,SERVICEAREA,SERVICEFACILITY,PRESSUREDISTRICT,LATITUDE,LONGITUDE,MAPNUMBER,PARCELID,PARCELAREATYPE,PARCELAREA,IMPERVIOUSSQUAREFEET,SUBDIVISION,GISID,FOLIOSEGMENT1,FOLIOSEGMENT2,FOLIOSEGMENT3,FOLIOSEGMENT4,FOLIOSEGMENT5,PROPERTYUSECLASSIFICATION1,PROPERTYUSECLASSIFICATION2,PROPERTYUSECLASSIFICATION3,PROPERTYUSECLASSIFICATION4,PROPERTYUSECLASSIFICATION5,UPDATEDATE
7000062637,29,, OAK ST ,,,BUCKSPORT,ME,4416,4420,,1,1,8,819,819,80,,,,,,,,,,,,,,,,,,,,,,
7000062637,29,, OAK ST ,,,BUCKSPORT,ME,4416,4420,,1,1,8,819,819,80,,,,,,,,,,,,,,,,,,,,,,
7000062644,29,, OAK ST ,,,BUCKSPORT,ME,4416,4420,,1,1,8,819,819,80,,,,,,,,,,,,,,,,,,,,,,
7000062644,29,, OAK ST ,,,BUCKSPORT,ME,4416,4420,,1,1,8,819,819,80,,,,,,,,,,,,,,,,,,,,,,
7000062642,33,, MAIN ST ,,,BUCKSPORT,ME,4416,4420,,1,1,8,819,819,80,,,,,,,,,,,,,,,,,,,,,,
7000062642,33,, MAIN ST ,,,BUCKSPORT,ME,4416,4420,,1,1,8,819,819,80,,,,,,,,,,,,,,,,,,,,,,
7000062635,33,, MAIN ST ,,,BUCKSPORT,ME,4416,4420,,1,1,8,819,819,80,,,,,,,,,,,,,,,,,,,,,,
7000062635,33,, MAIN ST ,,,BUCKSPORT,ME,4416,4420,,1,1,8,819,819,80,,,,,,,,,,,,,,,,,,,,,,
7000062103,83,, MAIN ST ,,,BUCKSPORT,ME,4416,4420,,1,2,8,819,819,80,,,,,,,,,,,,,,,,,,,,,,
7000062103,83,, MAIN ST ,,,BUCKSPORT,ME,4416,4420,,1,2,8,819,819,80,,,,,,,,,,,,,,,,,,,,,,
7000066359,83,, MAIN ST ,,,BUCKSPORT,ME,4416,4420,,1,2,8,819,819,80,,,,,,,,,,,,,,,,,,,,,,
7000066359,83,, MAIN ST ,,,BUCKSPORT,ME,4416,4420,,1,2,8,819,819,80,,,,,,,,,,,,,,,,,,,,,,
7000066023,81,, MAIN ST , OFFICE,,BUCKSPORT,ME,4416,4420,,1,2,8,819,819,80,,,,,,,,,,,,,,,,,,,,,,
7000066023,81,, MAIN ST , OFFICE,,BUCKSPORT,ME,4416,4420,,1,2,8,819,819,80,,,,,,,,,,,,,,,,,,,,,,
7000066017,81,, MAIN ST ,,,BUCKSPORT,ME,4416,4420,,1,2,8,819,819,80,,,,,,,,,,,,,,,,,,,,,,
7000066017,81,, MAIN ST ,,,BUCKSPORT,ME,4416,4420,,1,2,8,819,819,80,,,,,,,,,,,,,,,,,,,,,,
7000066323,86,, CENTRAL ST ,,,BUCKSPORT,ME,4416,4420,,1,1,8,819,819,80,,,,,,,,,,,,,,,,,,,,,,
7000066323,86,, CENTRAL ST ,,,BUCKSPORT,ME,4416,4420,,1,1,8,819,819,80,,,,,,,,,,,,,,,,,,,,,,
7000066299,86,, FRANKLIN ST ,,,BUCKSPORT,ME,4416,4420,,1,2,8,819,819,80,,,,,,,,,,,,,,,,,,,,,,
7000066299,86,, FRANKLIN ST ,,,BUCKSPORT,ME,4416,4420,,1,2,8,819,819,80,,,,,,,,,,,,,,,,,,,,,,
7000066461,63,, CENTRAL ST ,,,BUCKSPORT,ME,4416,4420,,1,1,8,819,819,80,,,,,,,,,,,,,,,,,,,,,,
7000066461,63,, CENTRAL ST ,,,BUCKSPORT,ME,4416,4420,,1,1,8,819,819,80,,,,,,,,,,,,,,,,,,,,,,
7000066329,63,, CENTRAL ST ,,,BUCKSPORT,ME,4416,4420,,1,2,8,819,819,80,,,,,,,,,,,,,,,,,,,,,,
7000066329,63,, CENTRAL ST ,,,BUCKSPORT,ME,4416,4420,,1,2,8,819,819,80,,,,,,,,,,,,,,,,,,,,,,
7000066011,68,, MAIN ST ,,,BUCKSPORT,ME,4416,4420,,1,1,8,819,819,80,,,,,,,,,,,,,,,,,,,,,,
7000066011,68,, MAIN ST ,,,BUCKSPORT,ME,4416,4420,,1,1,8,819,819,80,,,,,,,,,,,,,,,,,,,,,,
7000066857,68,, BROADWAY  ,#1,,BUCKSPORT,ME,4416,4420,,1,2,8,819,819,80,,,,,,,,,,,,,,,,,,,,,,
7000066857,68,, BROADWAY  ,#1,,BUCKSPORT,ME,4416,4420,,1,2,8,819,819,80,,,,,,,,,,,,,,,,,,,,,,
7000066353,64,, BROADWAY  ,#2,,BUCKSPORT,ME,4416,4420,,1,2,8,819,819,80,,,,,,,,,,,,,,,,,,,,,,
7000066353,64,, BROADWAY  ,#2,,BUCKSPORT,ME,4416,4420,,1,2,8,819,819,80,,,,,,,,,,,,,,,,,,,,,,
7000066071,64,, MAIN ST ,,,BUCKSPORT,ME,4416,4420,,1,1,8,819,819,80,,,,,,,,,,,,,,,,,,,,,,
7000066071,64,, MAIN ST ,,,BUCKSPORT,ME,4416,4420,,1,1,8,819,819,80,,,,,,,,,,,,,,,,,,,,,,
7000066119,11,, BROADWAY  ,,,BUCKSPORT,ME,4416,4420,,1,1,8,819,819,80,,,,,,,,,,,,,,,,,,,,,,
7000066119,11,, BROADWAY  ,,,BUCKSPORT,ME,4416,4420,,1,1,8,819,819,80,,,,,,,,,,,,,,,,,,,,,,
7000066113,11,, BROADWAY  ,,,BUCKSPORT,ME,4416,4420,,1,1,8,819,819,80,,,,,,,,,,,,,,,,,,,,,,
7000066113,11,, BROADWAY  ,,,BUCKSPORT,ME,4416,4420,,1,1,8,819,819,80,,,,,,,,,,,,,,,,,,,,,,
7000066347,70,, BROADWAY  ,,,BUCKSPORT,ME,4416,4420,,1,1,8,819,819,80,,,,,,,,,,,,,,,,,,,,,,
7000066347,70,, BROADWAY  ,,,BUCKSPORT,ME,4416,4420,,1,1,8,819,819,80,,,,,,,,,,,,,,,,,,,,,,
7000066341,70,, BROADWAY  ,,,BUCKSPORT,ME,4416,4420,,1,1,8,819,819,80,,,,,,,,,,,,,,,,,,,,,,
7000066341,70,, BROADWAY  ,,,BUCKSPORT,ME,4416,4420,,1,1,8,819,819,80,,,,,,,,,,,,,,,,,,,,,,
7000066335,10,, BROADWAY  ,,,BUCKSPORT,ME,4416,4420,,1,1,8,819,819,80,,,,,,,,,,,,,,,,,,,,,,
7000066335,10,, BROADWAY  ,,,BUCKSPORT,ME,4416,4420,,1,1,8,819,819,80,,,,,,,,,,,,,,,,,,,,,,
7000066683,10,, MAIN ST ,,,BUCKSPORT,ME,4416,4420,,1,1,8,819,819,80,,,,,,,,,,,,,,,,,,,,,,
7000066683,10,, MAIN ST ,,,BUCKSPORT,ME,4416,4420,,1,1,8,819,819,80,,,,,,,,,,,,,,,,,,,,,,
7000066689,16,, MAIN ST ,,,BUCKSPORT,ME,4416,4420,,1,1,8,819,819,80,,,,,,,,,,,,,,,,,,,,,,
7000066689,16,, MAIN ST ,,,BUCKSPORT,ME,4416,4420,,1,1,8,819,819,80,,,,,,,,,,,,,,,,,,,,,,
7000066053,16,, MAIN ST ,,,BUCKSPORT,ME,4416,4420,,1,2,8,819,819,80,,,,,,,,,,,,,,,,,,,,,,
7000066053,16,, MAIN ST ,,,BUCKSPORT,ME,4416,4420,,1,2,8,819,819,80,,,,,,,,,,,,,,,,,,,,,,
7000066059,65,, MAIN ST ,,,BUCKSPORT,ME,4416,4420,,1,2,8,819,819,80,,,,,,,,,,,,,,,,,,,,,,
7000066059,65,, MAIN ST ,,,BUCKSPORT,ME,4416,4420,,1,2,8,819,819,80,,,,,,,,,,,,,,,,,,,,,,
7000066305,65,, ELM ST ,,,BUCKSPORT,ME,4416,4420,,1,1,8,819,819,80,,,,,,,,,,,,,,,,,,,,,,
7000066305,65,, ELM ST ,,,BUCKSPORT,ME,4416,4420,,1,1,8,819,819,80,,,,,,,,,,,,,,,,,,,,,,
7000066809,110,, BROADWAY AVE ,,,BUCKSPORT,ME,4416,4420,,1,2,8,819,819,80,,,,,,,,,,,,,,,,,,,,,,
7000066809,110,, BROADWAY AVE ,,,BUCKSPORT,ME,4416,4420,,1,2,8,819,819,80,,,,,,,,,,,,,,,,,,,,,,
7000066719,110,, MAIN ST ,,,BUCKSPORT,ME,4416,4420,,1,2,8,819,819,80,,,,,,,,,,,,,,,,,,,,,,
7000066719,110,, MAIN ST ,,,BUCKSPORT,ME,4416,4420,,1,2,8,819,819,80,,,,,,,,,,,,,,,,,,,,,,
7000066067,110,, FRANKLIN ST ,,,BUCKSPORT,ME,4416,4420,,1,1,8,819,819,80,,,,,,,,,,,,,,,,,,,,,,
7000066067,110,, FRANKLIN ST ,,,BUCKSPORT,ME,4416,4420,,1,1,8,819,819,80,,,,,,,,,,,,,,,,,,,,,,
7000066125,110,, CENTRAL ST ,,,BUCKSPORT,ME,4416,4420,,1,1,8,819,819,80,,,,,,,,,,,,,,,,,,,,,,
7000066125,110,, CENTRAL ST ,,,BUCKSPORT,ME,4416,4420,,1,1,8,819,819,80,,,,,,,,,,,,,,,,,,,,,,
7000066061,157,, FRANKLIN ST ,,,BUCKSPORT,ME,4416,4420,,1,1,8,819,819,80,,,,,,,,,,,,,,,,,,,,,,
7000066061,157,, FRANKLIN ST ,,,BUCKSPORT,ME,4416,4420,,1,1,8,819,819,80,,,,,,,,,,,,,,,,,,,,,,
7000066791,157,, MECHANIC ST ,OFFICE,,BUCKSPORT,ME,4416,4420,,1,2,8,819,819,80,,,,,,,,,,,,,,,,,,,,,,
7000066791,157,, MECHANIC ST ,OFFICE,,BUCKSPORT,ME,4416,4420,,1,2,8,819,819,80,,,,,,,,,,,,,,,,,,,,,,
7000066037,91,, EVANGEL WAY ,,,BUCKSPORT,ME,4416,4420,,1,1,8,819,819,80,,,,,,,,,,,,,,,,,,,,,,
7000066037,91,, EVANGEL WAY ,,,BUCKSPORT,ME,4416,4420,,1,1,8,819,819,80,,,,,,,,,,,,,,,,,,,,,,
7000066815,91,, BRIDGE ST ,,,BUCKSPORT,ME,4416,4420,,1,2,8,819,819,80,,,,,,,,,,,,,,,,,,,,,,
7000066815,91,, BRIDGE ST ,,,BUCKSPORT,ME,4416,4420,,1,2,8,819,819,80,,,,,,,,,,,,,,,,,,,,,,
7000066043,23,, EVANGEL WAY ,,,BUCKSPORT,ME,4416,4420,,1,1,8,819,819,80,,,,,,,,,,,,,,,,,,,,,,
7000066043,23,, EVANGEL WAY ,,,BUCKSPORT,ME,4416,4420,,1,1,8,819,819,80,,,,,,,,,,,,,,,,,,,,,,
7000066803,23,, MILES LANE LN ,,,BUCKSPORT,ME,4416,4420,,1,2,8,819,819,80,,,,,,,,,,,,,,,,,,,,,,
7000066803,23,, MILES LANE LN ,,,BUCKSPORT,ME,4416,4420,,1,2,8,819,819,80,,,,,,,,,,,,,,,,,,,,,,
7000066797,87,, MILES LANE LN ,,,BUCKSPORT,ME,4416,4420,,1,2,8,819,819,80,,,,,,,,,,,,,,,,,,,,,,
7000066797,87,, MILES LANE LN ,,,BUCKSPORT,ME,4416,4420,,1,2,8,819,819,80,,,,,,,,,,,,,,,,,,,,,,
7000066065,87,, MAIN ST ,,,BUCKSPORT,ME,4416,4420,,1,1,8,819,819,80,,,,,,,,,,,,,,,,,,,,,,
7000066065,87,, MAIN ST ,,,BUCKSPORT,ME,4416,4420,,1,1,8,819,819,80,,,,,,,,,,,,,,,,,,,,,,
7000066701,60,, MAIN ST ,,,BUCKSPORT,ME,4416,4420,,1,2,8,819,819,80,,,,,,,,,,,,,,,,,,,,,,
7000066701,60,, MAIN ST ,,,BUCKSPORT,ME,4416,4420,,1,2,8,819,819,80,,,,,,,,,,,,,,,,,,,,,,
7000067205,60,, MAIN ST ,,,BUCKSPORT,ME,4416,4420,,1,1,8,819,819,80,,,,,,,,,,,,,,,,,,,,,,
7000067205,60,, MAIN ST ,,,BUCKSPORT,ME,4416,4420,,1,1,8,819,819,80,,,,,,,,,,,,,,,,,,,,,,
7000066029,54,, MAIN ST ,,,BUCKSPORT,ME,4416,4420,,1,2,8,819,819,80,,,,,,,,,,,,,,,,,,,,,,
7000066029,54,, MAIN ST ,,,BUCKSPORT,ME,4416,4420,,1,2,8,819,819,80,,,,,,,,,,,,,,,,,,,,,,
7000066073,54,, SCHOOL ST ,,,BUCKSPORT,ME,4416,4420,,1,1,8,819,819,80,,,,,,,,,,,,,,,,,,,,,,
7000066073,54,, SCHOOL ST ,,,BUCKSPORT,ME,4416,4420,,1,1,8,819,819,80,,,,,,,,,,,,,,,,,,,,,,
7000066055,161,, FEDERAL ST ,,,BUCKSPORT,ME,4416,4420,,1,1,8,819,819,80,,,,,,,,,,,,,,,,,,,,,,
7000066055,161,, FEDERAL ST ,,,BUCKSPORT,ME,4416,4420,,1,1,8,819,819,80,,,,,,,,,,,,,,,,,,,,,,
7000066713,161,, MAIN ST ,,,BUCKSPORT,ME,4416,4420,,1,2,8,819,819,80,,,,,,,,,,,,,,,,,,,,,,
7000066713,161,, MAIN ST ,,,BUCKSPORT,ME,4416,4420,,1,2,8,819,819,80,,,,,,,,,,,,,,,,,,,,,,
7000062213,165,, MAIN ST ,,,BUCKSPORT,ME,4416,4420,,1,2,8,819,819,80,,,,,,,,,,,,,,,,,,,,,,
7000062213,165,, MAIN ST ,,,BUCKSPORT,ME,4416,4420,,1,2,8,819,819,80,,,,,,,,,,,,,,,,,,,,,,
7000066085,165,, SCHOOL ST ,UNIT 1,,BUCKSPORT,ME,4416,4420,,1,1,8,819,819,80,,,,,,,,,,,,,,,,,,,,,,
7000066085,165,, SCHOOL ST ,UNIT 1,,BUCKSPORT,ME,4416,4420,,1,1,8,819,819,80,,,,,,,,,,,,,,,,,,,,,,
7000066035,148,, MAIN ST ,,,BUCKSPORT,ME,4416,4420,,1,2,8,819,819,80,,,,,,,,,,,,,,,,,,,,,,
7000066035,148,, MAIN ST ,,,BUCKSPORT,ME,4416,4420,,1,2,8,819,819,80,,,,,,,,,,,,,,,,,,,,,,
7000066091,148,, SCHOOL ST ,UNIT 3,,BUCKSPORT,ME,4416,4420,,1,1,8,819,819,80,,,,,,,,,,,,,,,,,,,,,,
7000066091,148,, SCHOOL ST ,UNIT 3,,BUCKSPORT,ME,4416,4420,,1,1,8,819,819,80,,,,,,,,,,,,,,,,,,,,,,
7000066041,151,, MAIN ST ,,,BUCKSPORT,ME,4416,4420,,1,1,8,819,819,80,,,,,,,,,,,,,,,,,,,,,,
7000066041,151,, MAIN ST ,,,BUCKSPORT,ME,4416,4420,,1,1,8,819,819,80,,,,,,,,,,,,,,,,,,,,,,
7000066097,151,, SCHOOL ST ,,,BUCKSPORT,ME,4416,4420,,1,1,8,819,819,80,,,,,,,,,,,,,,,,,,,,,,
7000066097,151,, SCHOOL ST ,,,BUCKSPORT,ME,4416,4420,,1,1,8,819,819,80,,,,,,,,,,,,,,,,,,,,,,
7000066725,26,, MAIN ST ,,,BUCKSPORT,ME,4416,4420,,1,2,8,819,819,80,,,,,,,,,,,,,,,,,,,,,,
7000066725,26,, MAIN ST ,,,BUCKSPORT,ME,4416,4420,,1,2,8,819,819,80,,,,,,,,,,,,,,,,,,,,,,
7000066049,26,, FEDERAL ST ,,,BUCKSPORT,ME,4416,4420,,1,1,8,819,819,80,,,,,,,,,,,,,,,,,,,,,,
7000066049,26,, FEDERAL ST ,,,BUCKSPORT,ME,4416,4420,,1,1,8,819,819,80,,,,,,,,,,,,,,,,,,,,,,
7000066089,102,, FRANKLIN ST ,,,BUCKSPORT,ME,4416,4420,,1,1,8,819,819,80,,,,,,,,,,,,,,,,,,,,,,
7000066089,102,, FRANKLIN ST ,,,BUCKSPORT,ME,4416,4420,,1,1,8,819,819,80,,,,,,,,,,,,,,,,,,,,,,
7000066293,102,, FRANKLIN ST ,FIRE/POLIC,,BUCKSPORT,ME,4416,4420,,1,2,8,819,819,80,,,,,,,,,,,,,,,,,,,,,,
7000066293,102,, FRANKLIN ST ,FIRE/POLIC,,BUCKSPORT,ME,4416,4420,,1,2,8,819,819,80,,,,,,,,,,,,,,,,,,,,,,
7000066107,168,, ELM ST ,,,BUCKSPORT,ME,4416,4420,,1,1,8,819,819,80,,,,,,,,,,,,,,,,,,,,,,
7000066107,168,, ELM ST ,,,BUCKSPORT,ME,4416,4420,,1,1,8,819,819,80,,,,,,,,,,,,,,,,,,,,,,
7000066095,168,, ELM ST ,,,BUCKSPORT,ME,4416,4420,,1,1,8,819,819,80,,,,,,,,,,,,,,,,,,,,,,
7000066095,168,, ELM ST ,,,BUCKSPORT,ME,4416,4420,,1,1,8,819,819,80,,,,,,,,,,,,,,,,,,,,,,
7000066317,41,, ELM ST ,,,BUCKSPORT,ME,4416,4420,,1,1,8,819,819,80,,,,,,,,,,,,,,,,,,,,,,
7000066317,41,, ELM ST ,,,BUCKSPORT,ME,4416,4420,,1,1,8,819,819,80,,,,,,,,,,,,,,,,,,,,,,
7000066101,41,, ELM ST ,,,BUCKSPORT,ME,4416,4420,,1,2,8,819,819,80,,,,,,,,,,,,,,,,,,,,,,
7000066101,41,, ELM ST ,,,BUCKSPORT,ME,4416,4420,,1,2,8,819,819,80,,,,,,,,,,,,,,,,,,,,,,
7000061542,75,, ELM ST ,,,BUCKSPORT,ME,4416,4420,,1,1,8,819,819,80,,,,,,,,,,,,,,,,,,,,,,
7000061542,75,, ELM ST ,,,BUCKSPORT,ME,4416,4420,,1,1,8,819,819,80,,,,,,,,,,,,,,,,,,,,,,
7000066319,75,, FEDERAL ST ,,,BUCKSPORT,ME,4416,4420,,1,1,8,819,819,80,,,,,,,,,,,,,,,,,,,,,,
7000066319,75,, FEDERAL ST ,,,BUCKSPORT,ME,4416,4420,,1,1,8,819,819,80,,,,,,,,,,,,,,,,,,,,,,
7000066431,39,, ELM ST ,HALL,,BUCKSPORT,ME,4416,4420,,1,2,8,819,819,80,,,,,,,,,,,,,,,,,,,,,,
7000066431,39,, ELM ST ,HALL,,BUCKSPORT,ME,4416,4420,,1,2,8,819,819,80,,,,,,,,,,,,,,,,,,,,,,
7000066311,39,, ELM ST ,,,BUCKSPORT,ME,4416,4420,,1,2,8,819,819,80,,,,,,,,,,,,,,,,,,,,,,
7000066311,39,, ELM ST ,,,BUCKSPORT,ME,4416,4420,,1,2,8,819,819,80,,,,,,,,,,,,,,,,,,,,,,
7000064566,62,, LEACH ST ,,,BUCKSPORT,ME,4416,4420,,1,1,8,819,819,80,,,,,,,,,,,,,,,,,,,,,,
7000064566,62,, LEACH ST ,,,BUCKSPORT,ME,4416,4420,,1,1,8,819,819,80,,,,,,,,,,,,,,,,,,,,,,
7000064386,62,, MAIN ST ,,,BUCKSPORT,ME,4416,4420,,1,2,8,819,819,80,,,,,,,,,,,,,,,,,,,,,,
7000064386,62,, MAIN ST ,,,BUCKSPORT,ME,4416,4420,,1,2,8,819,819,80,,,,,,,,,,,,,,,,,,,,,,
7000066637,14,, ELM ST ,,,BUCKSPORT,ME,4416,4420,,1,1,8,819,819,80,,,,,,,,,,,,,,,,,,,,,,
7000066637,14,, ELM ST ,,,BUCKSPORT,ME,4416,4420,,1,1,8,819,819,80,,,,,,,,,,,,,,,,,,,,,,
7000065568,14,, SCHOOL ST ,,,BUCKSPORT,ME,4416,4420,,1,1,8,819,819,80,,,,,,,,,,,,,,,,,,,,,,
7000065568,14,, SCHOOL ST ,,,BUCKSPORT,ME,4416,4420,,1,1,8,819,819,80,,,,,,,,,,,,,,,,,,,,,,
7000066739,66,, SCHOOL ST ,APT 2,,BUCKSPORT,ME,4416,4420,,1,1,8,819,819,80,,,,,,,,,,,,,,,,,,,,,,
7000066739,66,, SCHOOL ST ,APT 2,,BUCKSPORT,ME,4416,4420,,1,1,8,819,819,80,,,,,,,,,,,,,,,,,,,,,,
7000064560,66,, CENTRAL ST ,,,BUCKSPORT,ME,4416,4420,,1,1,8,819,819,80,,,,,,,,,,,,,,,,,,,,,,
7000064560,66,, CENTRAL ST ,,,BUCKSPORT,ME,4416,4420,,1,1,8,819,819,80,,,,,,,,,,,,,,,,,,,,,,
7000064572,10,, ELM ST ,UNIT 1,,BUCKSPORT,ME,4416,4420,,1,1,8,819,819,80,,,,,,,,,,,,,,,,,,,,,,
7000064572,10,, ELM ST ,UNIT 1,,BUCKSPORT,ME,4416,4420,,1,1,8,819,819,80,,,,,,,,,,,,,,,,,,,,,,
7000064620,10,, ELM ST ,UNIT 2,,BUCKSPORT,ME,4416,4420,,1,1,8,819,819,80,,,,,,,,,,,,,,,,,,,,,,
7000064620,10,, ELM ST ,UNIT 2,,BUCKSPORT,ME,4416,4420,,1,1,8,819,819,80,,,,,,,,,,,,,,,,,,,,,,
7000066222,100,, CENTRAL ST ,,,BUCKSPORT,ME,4416,4420,,1,1,8,819,819,80,,,,,,,,,,,,,,,,,,,,,,
7000066222,100,, CENTRAL ST ,,,BUCKSPORT,ME,4416,4420,,1,1,8,819,819,80,,,,,,,,,,,,,,,,,,,,,,
7000066378,100,, MAIN ST ,,,BUCKSPORT,ME,4416,4420,,1,2,8,819,819,80,,,,,,,,,,,,,,,,,,,,,,
7000066378,100,, MAIN ST ,,,BUCKSPORT,ME,4416,4420,,1,2,8,819,819,80,,,,,,,,,,,,,,,,,,,,,,
7000066060,52,, PINE ST ,,,BUCKSPORT,ME,4416,4420,,1,1,8,819,819,80,,,,,,,,,,,,,,,,,,,,,,
7000066060,52,, PINE ST ,,,BUCKSPORT,ME,4416,4420,,1,1,8,819,819,80,,,,,,,,,,,,,,,,,,,,,,
7000065010,52,, MAIN ST ,,,BUCKSPORT,ME,4416,4420,,1,1,8,819,819,80,,,,,,,,,,,,,,,,,,,,,,
7000065010,52,, MAIN ST ,,,BUCKSPORT,ME,4416,4420,,1,1,8,819,819,80,,,,,,,,,,,,,,,,,,,,,,
7000065400,155,, SUMMER ST ,,,BUCKSPORT,ME,4416,4420,,1,1,8,819,819,80,,,,,,,,,,,,,,,,,,,,,,
7000065400,155,, SUMMER ST ,,,BUCKSPORT,ME,4416,4420,,1,1,8,819,819,80,,,,,,,,,,,,,,,,,,,,,,
7000066841,155,, MAIN ST ,,,BUCKSPORT,ME,4416,4420,,1,2,8,819,819,80,,,,,,,,,,,,,,,,,,,,,,
7000066841,155,, MAIN ST ,,,BUCKSPORT,ME,4416,4420,,1,2,8,819,819,80,,,,,,,,,,,,,,,,,,,,,,
7000066871,132,, CENTRAL ST ,,,BUCKSPORT,ME,4416,4420,,1,1,8,819,819,80,,,,,,,,,,,,,,,,,,,,,,
7000066871,132,, CENTRAL ST ,,,BUCKSPORT,ME,4416,4420,,1,1,8,819,819,80,,,,,,,,,,,,,,,,,,,,,,
7000066930,132,, ELM ST ,,,BUCKSPORT,ME,4416,4420,,1,1,8,819,819,80,,,,,,,,,,,,,,,,,,,,,,
7000066930,132,, ELM ST ,,,BUCKSPORT,ME,4416,4420,,1,1,8,819,819,80,,,,,,,,,,,,,,,,,,,,,,
7000061916,108,, MAIN ST ,,,BUCKSPORT,ME,4416,4420,,1,2,8,819,819,80,,,,,,,,,,,,,,,,,,,,,,
7000061916,108,, MAIN ST ,,,BUCKSPORT,ME,4416,4420,,1,2,8,819,819,80,,,,,,,,,,,,,,,,,,,,,,
7000062434,108,, US  ,1,,BUCKSPORT,ME,4416,4420,,1,2,8,819,819,80,,,,,,,,,,,,,,,,,,,,,,
7000062434,108,, US  ,1,,BUCKSPORT,ME,4416,4420,,1,2,8,819,819,80,,,,,,,,,,,,,,,,,,,,,,
7000062427,85,, POND ST ,,,BUCKSPORT,ME,4416,4420,,1,1,8,819,819,80,,,,,,,,,,,,,,,,,,,,,,
7000062427,85,, POND ST ,,,BUCKSPORT,ME,4416,4420,,1,1,8,819,819,80,,,,,,,,,,,,,,,,,,,,,,
7000073570,85,, CENTRAL ST ,,,BUCKSPORT,ME,4416,4420,,1,1,8,819,819,80,,,,,,,,,,,,,,,,,,,,,,
7000073570,85,, CENTRAL ST ,,,BUCKSPORT,ME,4416,4420,,1,1,8,819,819,80,,,,,,,,,,,,,,,,,,,,,,
7000074797,106,, MAIN ST ,,,BUCKSPORT,ME,4416,4420,,1,2,8,819,819,80,,,,,,,,,,,,,,,,,,,,,,
7000074797,106,, MAIN ST ,,,BUCKSPORT,ME,4416,4420,,1,2,8,819,819,80,,,,,,,,,,,,,,,,,,,,,,
7000075157,106,, MAIN ST ,US RT 1,,BUCKSPORT,ME,4416,4420,,1,2,8,819,819,80,,,,,,,,,,,,,,,,,,,,,,
7000075157,106,, MAIN ST ,US RT 1,,BUCKSPORT,ME,4416,4420,,1,2,8,819,819,80,,,,,,,,,,,,,,,,,,,,,,
7000075158,21,, MAIN ST ,US RT 1  CARWASH,,BUCKSPORT,ME,4416,4420,,1,2,8,819,819,80,,,,,,,,,,,,,,,,,,,,,,
7000075158,21,, MAIN ST ,US RT 1  CARWASH,,BUCKSPORT,ME,4416,4420,,1,2,8,819,819,80,,,,,,,,,,,,,,,,,,,,,,
7000075305,21,, BRAUN  ,PLACE,,BUCKSPORT,ME,4416,4420,,1,1,8,819,819,80,,,,,,,,,,,,,,,,,,,,,,
7000075305,21,, BRAUN  ,PLACE,,BUCKSPORT,ME,4416,4420,,1,1,8,819,819,80,,,,,,,,,,,,,,,,,,,,,,
7000075802,96,, FRANKLIN ST ,,,BUCKSPORT,ME,4416,4420,,1,1,8,819,819,80,,,,,,,,,,,,,,,,,,,,,,
7000075802,96,, FRANKLIN ST ,,,BUCKSPORT,ME,4416,4420,,1,1,8,819,819,80,,,,,,,,,,,,,,,,,,,,,,
7000076361,96,, ELM ST ,,,BUCKSPORT,ME,4416,4420,,1,1,8,819,819,80,,,,,,,,,,,,,,,,,,,,,,
7000076361,96,, ELM ST ,,,BUCKSPORT,ME,4416,4420,,1,1,8,819,819,80,,,,,,,,,,,,,,,,,,,,,,
7000077931,89,, BUCKLEY LN ,,,BUCKSPORT,ME,4416,4420,,1,1,8,819,819,80,,,,,,,,,,,,,,,,,,,,,,
7000077931,89,, BUCKLEY LN ,,,BUCKSPORT,ME,4416,4420,,1,1,8,819,819,80,,,,,,,,,,,,,,,,,,,,,,
7000078605,89,, FRANKLIN ST ,,,BUCKSPORT,ME,4416,4420,,1,1,8,819,819,80,,,,,,,,,,,,,,,,,,,,,,
7000078605,89,, FRANKLIN ST ,,,BUCKSPORT,ME,4416,4420,,1,1,8,819,819,80,,,,,,,,,,,,,,,,,,,,,,
7000078896,115,, POND ST ,,,BUCKSPORT,ME,4416,4420,,1,1,8,819,819,80,,,,,,,,,,,,,,,,,,,,,,
7000078896,115,, POND ST ,,,BUCKSPORT,ME,4416,4420,,1,1,8,819,819,80,,,,,,,,,,,,,,,,,,,,,,
7000079529,115,, MAIN ST ,,,BUCKSPORT,ME,4416,4420,,1,1,8,819,819,80,,,,,,,,,,,,,,,,,,,,,,
7000079529,115,, MAIN ST ,,,BUCKSPORT,ME,4416,4420,,1,1,8,819,819,80,,,,,,,,,,,,,,,,,,,,,,
7000079706,90,, CENTRAL ST ,,,BUCKSPORT,ME,4416,4420,,1,1,8,819,819,80,,,,,,,,,,,,,,,,,,,,,,
7000079706,90,, CENTRAL ST ,,,BUCKSPORT,ME,4416,4420,,1,1,8,819,819,80,,,,,,,,,,,,,,,,,,,,,,
7000080197,90,, POND ST ,,,BUCKSPORT,ME,4416,4420,,1,1,8,819,819,80,,,,,,,,,,,,,,,,,,,,,,
7000080197,90,, POND ST ,,,BUCKSPORT,ME,4416,4420,,1,1,8,819,819,80,,,,,,,,,,,,,,,,,,,,,,
7000080390,115,, PINE ST ,,,BUCKSPORT,ME,4416,4420,,1,1,8,819,819,80,,,,,,,,,,,,,,,,,,,,,,
7000080390,115,, PINE ST ,,,BUCKSPORT,ME,4416,4420,,1,1,8,819,819,80,,,,,,,,,,,,,,,,,,,,,,
7000080543,115,, POND ST ,,,BUCKSPORT,ME,4416,4420,,1,1,8,819,819,80,,,,,,,,,,,,,,,,,,,,,,
7000080543,115,, POND ST ,,,BUCKSPORT,ME,4416,4420,,1,1,8,819,819,80,,,,,,,,,,,,,,,,,,,,,,
7000082230,101,, ELM ST ,,,BUCKSPORT,ME,4416,4420,,1,1,8,819,819,80,,,,,,,,,,,,,,,,,,,,,,
7000082230,101,, ELM ST ,,,BUCKSPORT,ME,4416,4420,,1,1,8,819,819,80,,,,,,,,,,,,,,,,,,,,,,
7000082361,101,, ELM ST ,,,BUCKSPORT,ME,4416,4420,,1,1,8,819,819,80,,,,,,,,,,,,,,,,,,,,,,
7000082361,101,, ELM ST ,,,BUCKSPORT,ME,4416,4420,,1,1,8,819,819,80,,,,,,,,,,,,,,,,,,,,,,
7000082616,118,,E MAIN ST ,,,SEARSPORT,ME,4974,4978,,1,1,8,819,819,80,,,,,,,,,,,,,,,,,,,,,,
7000082616,118,,E MAIN ST ,,,SEARSPORT,ME,4974,4978,,1,1,8,819,819,80,,,,,,,,,,,,,,,,,,,,,,
7000084600,118,, PINE ST ,GARAGE,,BUCKSPORT,ME,4416,4420,,1,1,8,819,819,80,,,,,,,,,,,,,,,,,,,,,,
7000084600,118,, PINE ST ,GARAGE,,BUCKSPORT,ME,4416,4420,,1,1,8,819,819,80,,,,,,,,,,,,,,,,,,,,,,
7000084744,104,, FRANKLIN ST ,,,BUCKSPORT,ME,4416,4420,,1,1,8,819,819,80,,,,,,,,,,,,,,,,,,,,,,
7000084744,104,, FRANKLIN ST ,,,BUCKSPORT,ME,4416,4420,,1,1,8,819,819,80,,,,,,,,,,,,,,,,,,,,,,
7000084892,104,, MAIN ST ,,,BUCKSPORT,ME,4416,4420,,1,1,8,819,819,80,,,,,,,,,,,,,,,,,,,,,,
7000084892,104,, MAIN ST ,,,BUCKSPORT,ME,4416,4420,,1,1,8,819,819,80,,,,,,,,,,,,,,,,,,,,,,
7000084893,8,, MAIN ST ,MSA 2,,BUCKSPORT,ME,4416,4420,,1,1,8,819,819,80,,,,,,,,,,,,,,,,,,,,,,
7000084893,8,, MAIN ST ,MSA 2,,BUCKSPORT,ME,4416,4420,,1,1,8,819,819,80,,,,,,,,,,,,,,,,,,,,,,
7000085133,8,, POND ST ,,,BUCKSPORT,ME,4416,4420,,1,1,8,819,819,80,,,,,,,,,,,,,,,,,,,,,,
7000085133,8,, POND ST ,,,BUCKSPORT,ME,4416,4420,,1,1,8,819,819,80,,,,,,,,,,,,,,,,,,,,,,
7000085321,90,, MAIN ST ,APT 2,,BUCKSPORT,ME,4416,4420,,1,1,8,819,819,80,,,,,,,,,,,,,,,,,,,,,,
7000085321,90,, MAIN ST ,APT 2,,BUCKSPORT,ME,4416,4420,,1,1,8,819,819,80,,,,,,,,,,,,,,,,,,,,,,
7000085668,90,, MAIN ST ,,,BUCKSPORT,ME,4416,4420,,1,2,8,819,819,80,,,,,,,,,,,,,,,,,,,,,,
7000085668,90,, MAIN ST ,,,BUCKSPORT,ME,4416,4420,,1,2,8,819,819,80,,,,,,,,,,,,,,,,,,,,,,
7000085735,89,, SCHOOLHOUSE LN ,,,HAMPDEN,ME,4444,4448,,1,1,8,819,819,80,,,,,,,,,,,,,,,,,,,,,,
7000085735,89,, SCHOOLHOUSE LN ,,,HAMPDEN,ME,4444,4448,,1,1,8,819,819,80,,,,,,,,,,,,,,,,,,,,,,
7000085796,89,, MAIN RD N,,,HAMPDEN,ME,4444,4448,,1,1,8,819,819,80,,,,,,,,,,,,,,,,,,,,,,
7000085796,89,, MAIN RD N,,,HAMPDEN,ME,4444,4448,,1,1,8,819,819,80,,,,,,,,,,,,,,,,,,,,,,
7000085797,51,, OLD COUNTY RD ,,,HAMPDEN,ME,4444,4448,,1,1,8,819,819,80,,,,,,,,,,,,,,,,,,,,,,
7000085797,51,, OLD COUNTY RD ,,,HAMPDEN,ME,4444,4448,,1,1,8,819,819,80,,,,,,,,,,,,,,,,,,,,,,
7000085799,51,, OLD COUNTY RD ,,,HAMPDEN,ME,4444,4448,,1,1,8,819,819,80,,,,,,,,,,,,,,,,,,,,,,
7000085799,51,, OLD COUNTY RD ,,,HAMPDEN,ME,4444,4448,,1,1,8,819,819,80,,,,,,,,,,,,,,,,,,,,,,
7000085800,19,, HAMEL AVE ,,,HAMPDEN,ME,4444,4448,,1,1,8,819,819,80,,,,,,,,,,,,,,,,,,,,,,
7000085800,19,, HAMEL AVE ,,,HAMPDEN,ME,4444,4448,,1,1,8,819,819,80,,,,,,,,,,,,,,,,,,,,,,
7000085812,19,, OLD COUNTY RD ,,,HAMPDEN,ME,4444,4448,,1,1,8,819,819,80,,,,,,,,,,,,,,,,,,,,,,
7000085812,19,, OLD COUNTY RD ,,,HAMPDEN,ME,4444,4448,,1,1,8,819,819,80,,,,,,,,,,,,,,,,,,,,,,
7000085813,67,, OLD COUNTY RD ,,,HAMPDEN,ME,4444,4448,,1,1,8,819,819,80,,,,,,,,,,,,,,,,,,,,,,
7000085813,67,, OLD COUNTY RD ,,,HAMPDEN,ME,4444,4448,,1,1,8,819,819,80,,,,,,,,,,,,,,,,,,,,,,
7000085814,67,, OLD COUNTY RD ,,,HAMPDEN,ME,4444,4448,,1,1,8,819,819,80,,,,,,,,,,,,,,,,,,,,,,
7000085814,67,, OLD COUNTY RD ,,,HAMPDEN,ME,4444,4448,,1,1,8,819,819,80,,,,,,,,,,,,,,,,,,,,,,
7000085817,28,, MAIN RD N,,,HAMPDEN,ME,4444,4448,,1,1,8,819,819,80,,,,,,,,,,,,,,,,,,,,,,
7000085817,28,, MAIN RD N,,,HAMPDEN,ME,4444,4448,,1,1,8,819,819,80,,,,,,,,,,,,,,,,,,,,,,
7000085860,28,, MAIN RD N,,,HAMPDEN,ME,4444,4448,,1,1,8,819,819,80,,,,,,,,,,,,,,,,,,,,,,
7000085860,28,, MAIN RD N,,,HAMPDEN,ME,4444,4448,,1,1,8,819,819,80,,,,,,,,,,,,,,,,,,,,,,
7000085874,36,, SUNRISE LN ,,,HAMPDEN,ME,4444,4448,,1,1,8,819,819,80,,,,,,,,,,,,,,,,,,,,,,
7000085874,36,, SUNRISE LN ,,,HAMPDEN,ME,4444,4448,,1,1,8,819,819,80,,,,,,,,,,,,,,,,,,,,,,
7000085916,36,, OLD COUNTY RD ,,,HAMPDEN,ME,4444,4448,,1,1,8,819,819,80,,,,,,,,,,,,,,,,,,,,,,
7000085916,36,, OLD COUNTY RD ,,,HAMPDEN,ME,4444,4448,,1,1,8,819,819,80,,,,,,,,,,,,,,,,,,,,,,
7000085918,9,, MAIN RD N,,,HAMPDEN,ME,4444,4448,,1,1,8,819,819,80,,,,,,,,,,,,,,,,,,,,,,
7000085918,9,, MAIN RD N,,,HAMPDEN,ME,4444,4448,,1,1,8,819,819,80,,,,,,,,,,,,,,,,,,,,,,
7000085919,9,, MAIN RD N,,,HAMPDEN,ME,4444,4448,,1,1,8,819,819,80,,,,,,,,,,,,,,,,,,,,,,
7000085919,9,, MAIN RD N,,,HAMPDEN,ME,4444,4448,,1,1,8,819,819,80,,,,,,,,,,,,,,,,,,,,,,
7000085920,31,, CHARLES ST ,,,HAMPDEN,ME,4444,4448,,1,1,8,819,819,80,,,,,,,,,,,,,,,,,,,,,,
7000085920,31,, CHARLES ST ,,,HAMPDEN,ME,4444,4448,,1,1,8,819,819,80,,,,,,,,,,,,,,,,,,,,,,
7000085983,31,, DAISEY LN ,,,HAMPDEN,ME,4444,4448,,1,1,8,819,819,80,,,,,,,,,,,,,,,,,,,,,,
7000085983,31,, DAISEY LN ,,,HAMPDEN,ME,4444,4448,,1,1,8,819,819,80,,,,,,,,,,,,,,,,,,,,,,
7000085984,31,, HORSESHOE LN ,,,HAMPDEN,ME,4444,4448,,1,1,8,819,819,80,,,,,,,,,,,,,,,,,,,,,,
7000085984,31,, HORSESHOE LN ,,,HAMPDEN,ME,4444,4448,,1,1,8,819,819,80,,,,,,,,,,,,,,,,,,,,,,
7000085985,31,, MOUNTAIN VIEW DR ,,,HAMPDEN,ME,4444,4448,,1,1,8,819,819,80,,,,,,,,,,,,,,,,,,,,,,
7000085985,31,, MOUNTAIN VIEW DR ,,,HAMPDEN,ME,4444,4448,,1,1,8,819,819,80,,,,,,,,,,,,,,,,,,,,,,
7000086036,4,, OLD COUNTY RD ,,,HAMPDEN,ME,4444,4448,,1,1,8,819,819,80,,,,,,,,,,,,,,,,,,,,,,
7000086036,4,, OLD COUNTY RD ,,,HAMPDEN,ME,4444,4448,,1,1,8,819,819,80,,,,,,,,,,,,,,,,,,,,,,
7000086037,4,, STONEYBROOK RD ,,,HAMPDEN,ME,4444,4448,,1,1,8,819,819,80,,,,,,,,,,,,,,,,,,,,,,
7000086037,4,, STONEYBROOK RD ,,,HAMPDEN,ME,4444,4448,,1,1,8,819,819,80,,,,,,,,,,,,,,,,,,,,,,
7000086038,177,, MARION DR ,,,HAMPDEN,ME,4444,4448,,1,1,8,819,819,80,,,,,,,,,,,,,,,,,,,,,,
7000086038,177,, MARION DR ,,,HAMPDEN,ME,4444,4448,,1,1,8,819,819,80,,,,,,,,,,,,,,,,,,,,,,
7000086096,177,, PERRY RD ,,,HAMPDEN,ME,4444,4448,,1,1,8,819,819,80,,,,,,,,,,,,,,,,,,,,,,
7000086096,177,, PERRY RD ,,,HAMPDEN,ME,4444,4448,,1,1,8,819,819,80,,,,,,,,,,,,,,,,,,,,,,
7000086184,61,, OLD COUNTY RD ,,,HAMPDEN,ME,4444,4448,,1,1,8,819,819,80,,,,,,,,,,,,,,,,,,,,,,
7000086184,61,, OLD COUNTY RD ,,,HAMPDEN,ME,4444,4448,,1,1,8,819,819,80,,,,,,,,,,,,,,,,,,,,,,
7000086187,61,, STONEYBROOK RD ,,,HAMPDEN,ME,4444,4448,,1,1,8,819,819,80,,,,,,,,,,,,,,,,,,,,,,
7000086187,61,, STONEYBROOK RD ,,,HAMPDEN,ME,4444,4448,,1,1,8,819,819,80,,,,,,,,,,,,,,,,,,,,,,
7000086188,136,, OLD COUNTY RD ,,,HAMPDEN,ME,4444,4448,,1,1,8,819,819,80,,,,,,,,,,,,,,,,,,,,,,
7000086188,136,, OLD COUNTY RD ,,,HAMPDEN,ME,4444,4448,,1,1,8,819,819,80,,,,,,,,,,,,,,,,,,,,,,
7000086214,136,, BUCK ST ,,,BUCKSPORT,ME,4416,4420,,1,1,8,819,819,80,,,,,,,,,,,,,,,,,,,,,,
7000086214,136,, BUCK ST ,,,BUCKSPORT,ME,4416,4420,,1,1,8,819,819,80,,,,,,,,,,,,,,,,,,,,,,
7000086215,106,, BUCK ST ,,,BUCKSPORT,ME,4416,4420,,1,1,8,819,819,80,,,,,,,,,,,,,,,,,,,,,,
7000086215,106,, BUCK ST ,,,BUCKSPORT,ME,4416,4420,,1,1,8,819,819,80,,,,,,,,,,,,,,,,,,,,,,
7000086216,106,, OLD COUNTY RD ,,,HAMPDEN,ME,4444,4448,,1,1,8,819,819,80,,,,,,,,,,,,,,,,,,,,,,
7000086216,106,, OLD COUNTY RD ,,,HAMPDEN,ME,4444,4448,,1,1,8,819,819,80,,,,,,,,,,,,,,,,,,,,,,
7000086218,58,, CARVER RD ,,,HAMPDEN,ME,4444,4448,,1,1,8,819,819,80,,,,,,,,,,,,,,,,,,,,,,
7000086218,58,, CARVER RD ,,,HAMPDEN,ME,4444,4448,,1,1,8,819,819,80,,,,,,,,,,,,,,,,,,,,,,
7000086278,58,, OLD COUNTY RD ,,,HAMPDEN,ME,4444,4448,,1,1,8,819,819,80,,,,,,,,,,,,,,,,,,,,,,
7000086278,58,, OLD COUNTY RD ,,,HAMPDEN,ME,4444,4448,,1,1,8,819,819,80,,,,,,,,,,,,,,,,,,,,,,
7000086279,57,, MAIN RD N,,,HAMPDEN,ME,4444,4448,,1,1,8,819,819,80,,,,,,,,,,,,,,,,,,,,,,
7000086279,57,, MAIN RD N,,,HAMPDEN,ME,4444,4448,,1,1,8,819,819,80,,,,,,,,,,,,,,,,,,,,,,
7000086281,57,, MAIN RD N,,,HAMPDEN,ME,4444,4448,,1,1,8,819,819,80,,,,,,,,,,,,,,,,,,,,,,
7000086281,57,, MAIN RD N,,,HAMPDEN,ME,4444,4448,,1,1,8,819,819,80,,,,,,,,,,,,,,,,,,,,,,
7000086283,57,, MAIN RD N,,,HAMPDEN,ME,4444,4448,,1,1,8,819,819,80,,,,,,,,,,,,,,,,,,,,,,
7000086283,57,, MAIN RD N,,,HAMPDEN,ME,4444,4448,,1,1,8,819,819,80,,,,,,,,,,,,,,,,,,,,,,
7000086287,57,, CHICKADEE LN ,,,HAMPDEN,ME,4444,4448,,1,1,8,819,819,80,,,,,,,,,,,,,,,,,,,,,,
7000086287,57,, CHICKADEE LN ,,,HAMPDEN,ME,4444,4448,,1,1,8,819,819,80,,,,,,,,,,,,,,,,,,,,,,
7000086291,53,, SCHOOLHOUSE LN ,,,HAMPDEN,ME,4444,4448,,1,1,8,819,819,80,,,,,,,,,,,,,,,,,,,,,,
7000086291,53,, SCHOOLHOUSE LN ,,,HAMPDEN,ME,4444,4448,,1,1,8,819,819,80,,,,,,,,,,,,,,,,,,,,,,
7000086355,53,, BUCK ST ,,,BUCKSPORT,ME,4416,4420,,1,1,8,819,819,80,,,,,,,,,,,,,,,,,,,,,,
7000086355,53,, BUCK ST ,,,BUCKSPORT,ME,4416,4420,,1,1,8,819,819,80,,,,,,,,,,,,,,,,,,,,,,
7000086361,123,, OLD COUNTY RD ,,,HAMPDEN,ME,4444,4448,,1,1,8,819,819,80,,,,,,,,,,,,,,,,,,,,,,
7000086361,123,, OLD COUNTY RD ,,,HAMPDEN,ME,4444,4448,,1,1,8,819,819,80,,,,,,,,,,,,,,,,,,,,,,
7000086362,123,, RIVERVIEW RD ,,,HAMPDEN,ME,4444,4448,,1,1,8,819,819,80,,,,,,,,,,,,,,,,,,,,,,
7000086362,123,, RIVERVIEW RD ,,,HAMPDEN,ME,4444,4448,,1,1,8,819,819,80,,,,,,,,,,,,,,,,,,,,,,
7000086363,54,, MAIN RD N,,,HAMPDEN,ME,4444,4448,,1,1,8,819,819,80,,,,,,,,,,,,,,,,,,,,,,
7000086363,54,, MAIN RD N,,,HAMPDEN,ME,4444,4448,,1,1,8,819,819,80,,,,,,,,,,,,,,,,,,,,,,
7000086364,54,, CHICKADEE LN ,,,HAMPDEN,ME,4444,4448,,1,1,8,819,819,80,,,,,,,,,,,,,,,,,,,,,,
7000086364,54,, CHICKADEE LN ,,,HAMPDEN,ME,4444,4448,,1,1,8,819,819,80,,,,,,,,,,,,,,,,,,,,,,
7000086365,143,, FRANCES DR ,,,HAMPDEN,ME,4444,4448,,1,1,8,819,819,80,,,,,,,,,,,,,,,,,,,,,,
7000086365,143,, FRANCES DR ,,,HAMPDEN,ME,4444,4448,,1,1,8,819,819,80,,,,,,,,,,,,,,,,,,,,,,
7000086391,143,, OLD COUNTY RD ,,,HAMPDEN,ME,4444,4448,,1,1,8,819,819,80,,,,,,,,,,,,,,,,,,,,,,
7000086391,143,, OLD COUNTY RD ,,,HAMPDEN,ME,4444,4448,,1,1,8,819,819,80,,,,,,,,,,,,,,,,,,,,,,
7000086392,1,, OLD COUNTY RD ,,,HAMPDEN,ME,4444,4448,,1,1,8,819,819,80,,,,,,,,,,,,,,,,,,,,,,
7000086392,1,, OLD COUNTY RD ,,,HAMPDEN,ME,4444,4448,,1,1,8,819,819,80,,,,,,,,,,,,,,,,,,,,,,
7000086394,1,, SCHOOLHOUSE LN ,,,HAMPDEN,ME,4444,4448,,1,1,8,819,819,80,,,,,,,,,,,,,,,,,,,,,,
7000086394,1,, SCHOOLHOUSE LN ,,,HAMPDEN,ME,4444,4448,,1,1,8,819,819,80,,,,,,,,,,,,,,,,,,,,,,
7000086431,72,, MAIN RD N,,,HAMPDEN,ME,4444,4448,,1,1,8,819,819,80,,,,,,,,,,,,,,,,,,,,,,
7000086431,72,, MAIN RD N,,,HAMPDEN,ME,4444,4448,,1,1,8,819,819,80,,,,,,,,,,,,,,,,,,,,,,
7000086433,72,, CHICKADEE LN ,,,HAMPDEN,ME,4444,4448,,1,1,8,819,819,80,,,,,,,,,,,,,,,,,,,,,,
7000086433,72,, CHICKADEE LN ,,,HAMPDEN,ME,4444,4448,,1,1,8,819,819,80,,,,,,,,,,,,,,,,,,,,,,
7000086483,20,, WHEELDEN HTS ,,,HAMPDEN,ME,4444,4448,,1,1,8,819,819,80,,,,,,,,,,,,,,,,,,,,,,
7000086483,20,, WHEELDEN HTS ,,,HAMPDEN,ME,4444,4448,,1,1,8,819,819,80,,,,,,,,,,,,,,,,,,,,,,
7000086484,20,, MAIN RD N,,,HAMPDEN,ME,4444,4448,,1,1,8,819,819,80,,,,,,,,,,,,,,,,,,,,,,
7000086484,20,, MAIN RD N,,,HAMPDEN,ME,4444,4448,,1,1,8,819,819,80,,,,,,,,,,,,,,,,,,,,,,
7000086485,52,, OLD COUNTY RD ,,,HAMPDEN,ME,4444,4448,,1,1,8,819,819,80,,,,,,,,,,,,,,,,,,,,,,
7000086485,52,, OLD COUNTY RD ,,,HAMPDEN,ME,4444,4448,,1,1,8,819,819,80,,,,,,,,,,,,,,,,,,,,,,
7000086521,52,, MAIN RD N,,,HAMPDEN,ME,4444,4448,,1,1,8,819,819,80,,,,,,,,,,,,,,,,,,,,,,
7000086521,52,, MAIN RD N,,,HAMPDEN,ME,4444,4448,,1,1,8,819,819,80,,,,,,,,,,,,,,,,,,,,,,
7000086577,370,, PINE ST ,,,BUCKSPORT,ME,4416,4420,,1,1,8,819,819,80,,,,,,,,,,,,,,,,,,,,,,
7000086577,370,, PINE ST ,,,BUCKSPORT,ME,4416,4420,,1,1,8,819,819,80,,,,,,,,,,,,,,,,,,,,,,
7000086603,370,, HORSESHOE LN ,,,HAMPDEN,ME,4444,4448,,1,1,8,819,819,80,,,,,,,,,,,,,,,,,,,,,,
7000086603,370,, HORSESHOE LN ,,,HAMPDEN,ME,4444,4448,,1,1,8,819,819,80,,,,,,,,,,,,,,,,,,,,,,
7000086643,70,, POND ST ,,,BUCKSPORT,ME,4416,4420,,1,1,8,819,819,80,,,,,,,,,,,,,,,,,,,,,,
7000086643,70,, POND ST ,,,BUCKSPORT,ME,4416,4420,,1,1,8,819,819,80,,,,,,,,,,,,,,,,,,,,,,
7000086683,70,, MURPHY LN ,,,HAMPDEN,ME,4444,4448,,1,1,8,819,819,80,,,,,,,,,,,,,,,,,,,,,,
7000086683,70,, MURPHY LN ,,,HAMPDEN,ME,4444,4448,,1,1,8,819,819,80,,,,,,,,,,,,,,,,,,,,,,
7000086768,29,, MAIN RD N,,,HAMPDEN,ME,4444,4448,,1,1,8,819,819,80,,,,,,,,,,,,,,,,,,,,,,
7000086768,29,, MAIN RD N,,,HAMPDEN,ME,4444,4448,,1,1,8,819,819,80,,,,,,,,,,,,,,,,,,,,,,
7000086858,29,, OLD COUNTY RD ,,,HAMPDEN,ME,4444,4448,,1,1,8,819,819,80,,,,,,,,,,,,,,,,,,,,,,
7000086858,29,, OLD COUNTY RD ,,,HAMPDEN,ME,4444,4448,,1,1,8,819,819,80,,,,,,,,,,,,,,,,,,,,,,
7000086930,20,, MAIN RD N,,,HAMPDEN,ME,4444,4448,,1,1,8,819,819,80,,,,,,,,,,,,,,,,,,,,,,
7000086930,20,, MAIN RD N,,,HAMPDEN,ME,4444,4448,,1,1,8,819,819,80,,,,,,,,,,,,,,,,,,,,,,
7000086931,20,, PATTERSON ST ,,,HAMPDEN,ME,4444,4448,,1,1,8,819,819,80,,,,,,,,,,,,,,,,,,,,,,
7000086931,20,, PATTERSON ST ,,,HAMPDEN,ME,4444,4448,,1,1,8,819,819,80,,,,,,,,,,,,,,,,,,,,,,
7000087013,136,, MAIN RD N,,,HAMPDEN,ME,4444,4448,,1,2,8,819,819,80,,,,,,,,,,,,,,,,,,,,,,
7000087013,136,, MAIN RD N,,,HAMPDEN,ME,4444,4448,,1,2,8,819,819,80,,,,,,,,,,,,,,,,,,,,,,
7000087062,136,, MURPHY LN ,,,HAMPDEN,ME,4444,4448,,1,1,8,819,819,80,,,,,,,,,,,,,,,,,,,,,,
7000087062,136,, MURPHY LN ,,,HAMPDEN,ME,4444,4448,,1,1,8,819,819,80,,,,,,,,,,,,,,,,,,,,,,
7000087100,42,, FRANCES DR ,,,HAMPDEN,ME,4444,4448,,1,1,8,819,819,80,,,,,,,,,,,,,,,,,,,,,,
7000087100,42,, FRANCES DR ,,,HAMPDEN,ME,4444,4448,,1,1,8,819,819,80,,,,,,,,,,,,,,,,,,,,,,
7000087102,42,, MAIN RD N,nan,,HAMPDEN,ME,4444,4448,,1,1,8,819,819,80,,,,,,,,,,,,,,,,,,,,,,
7000087102,42,, MAIN RD N,nan,,HAMPDEN,ME,4444,4448,,1,1,8,819,819,80,,,,,,,,,,,,,,,,,,,,,,
7000087103,42,, OLD COUNTY RD ,,,HAMPDEN,ME,4444,4448,,1,1,8,819,819,80,,,,,,,,,,,,,,,,,,,,,,
7000087103,42,, OLD COUNTY RD ,,,HAMPDEN,ME,4444,4448,,1,1,8,819,819,80,,,,,,,,,,,,,,,,,,,,,,
7000087104,42,, MURPHY LN ,,,HAMPDEN,ME,4444,4448,,1,1,8,819,819,80,,,,,,,,,,,,,,,,,,,,,,
7000087104,42,, MURPHY LN ,,,HAMPDEN,ME,4444,4448,,1,1,8,819,819,80,,,,,,,,,,,,,,,,,,,,,,
7000087179,6,, FRANKLIN ST ,,,BUCKSPORT,ME,4416,4420,,1,2,8,819,819,80,,,,,,,,,,,,,,,,,,,,,,
7000087179,6,, FRANKLIN ST ,,,BUCKSPORT,ME,4416,4420,,1,2,8,819,819,80,,,,,,,,,,,,,,,,,,,,,,
7000087182,6,, OLD COUNTY RD ,BLDG 1,,HAMPDEN,ME,4444,4448,,1,1,8,819,819,80,,,,,,,,,,,,,,,,,,,,,,
7000087182,6,, OLD COUNTY RD ,BLDG 1,,HAMPDEN,ME,4444,4448,,1,1,8,819,819,80,,,,,,,,,,,,,,,,,,,,,,
7000087183,63,, OLD COUNTY RD ,BLDG 2,,HAMPDEN,ME,4444,4448,,1,1,8,819,819,80,,,,,,,,,,,,,,,,,,,,,,
7000087183,63,, OLD COUNTY RD ,BLDG 2,,HAMPDEN,ME,4444,4448,,1,1,8,819,819,80,,,,,,,,,,,,,,,,,,,,,,
7000087184,63,, OLD COUNTY RD ,BLDG 3,,HAMPDEN,ME,4444,4448,,1,1,8,819,819,80,,,,,,,,,,,,,,,,,,,,,,
7000087184,63,, OLD COUNTY RD ,BLDG 3,,HAMPDEN,ME,4444,4448,,1,1,8,819,819,80,,,,,,,,,,,,,,,,,,,,,,
7000087185,20,, OLD COUNTY RD ,,,HAMPDEN,ME,4444,4448,,1,1,8,819,819,80,,,,,,,,,,,,,,,,,,,,,,
7000087185,20,, OLD COUNTY RD ,,,HAMPDEN,ME,4444,4448,,1,1,8,819,819,80,,,,,,,,,,,,,,,,,,,,,,
7000087187,20,, OLD COUNTY RD ,BLDG 1,,HAMPDEN,ME,4444,4448,,1,1,8,819,819,80,,,,,,,,,,,,,,,,,,,,,,
7000087187,20,, OLD COUNTY RD ,BLDG 1,,HAMPDEN,ME,4444,4448,,1,1,8,819,819,80,,,,,,,,,,,,,,,,,,,,,,
7000087190,11,, OLD COUNTY RD ,BLDG 2,,HAMPDEN,ME,4444,4448,,1,1,8,819,819,80,,,,,,,,,,,,,,,,,,,,,,
7000087190,11,, OLD COUNTY RD ,BLDG 2,,HAMPDEN,ME,4444,4448,,1,1,8,819,819,80,,,,,,,,,,,,,,,,,,,,,,
7000089464,11,, POND ST ,,,BUCKSPORT,ME,4416,4420,,1,1,8,819,819,80,,,,,,,,,,,,,,,,,,,,,,
7000089464,11,, POND ST ,,,BUCKSPORT,ME,4416,4420,,1,1,8,819,819,80,,,,,,,,,,,,,,,,,,,,,,
7000089478,40,, DAISEY LN ,,,HAMPDEN,ME,4444,4448,,1,1,8,819,819,80,,,,,,,,,,,,,,,,,,,,,,
7000089478,40,, DAISEY LN ,,,HAMPDEN,ME,4444,4448,,1,1,8,819,819,80,,,,,,,,,,,,,,,,,,,,,,
7000089524,40,, HAMEL AVE ,,,HAMPDEN,ME,4444,4448,,1,1,8,819,819,80,,,,,,,,,,,,,,,,,,,,,,
7000089524,40,, HAMEL AVE ,,,HAMPDEN,ME,4444,4448,,1,1,8,819,819,80,,,,,,,,,,,,,,,,,,,,,,
7000089525,42,, MAIN RD N,,,HAMPDEN,ME,4444,4448,,1,1,8,819,819,80,,,,,,,,,,,,,,,,,,,,,,
7000089525,42,, MAIN RD N,,,HAMPDEN,ME,4444,4448,,1,1,8,819,819,80,,,,,,,,,,,,,,,,,,,,,,
7000089526,42,, MAIN RD N,,,HAMPDEN,ME,4444,4448,,1,1,8,819,819,80,,,,,,,,,,,,,,,,,,,,,,
7000089526,42,, MAIN RD N,,,HAMPDEN,ME,4444,4448,,1,1,8,819,819,80,,,,,,,,,,,,,,,,,,,,,,
7000089580,125,, GEORGE ST ,,,HAMPDEN,ME,4444,4448,,1,1,8,819,819,80,,,,,,,,,,,,,,,,,,,,,,
7000089580,125,, GEORGE ST ,,,HAMPDEN,ME,4444,4448,,1,1,8,819,819,80,,,,,,,,,,,,,,,,,,,,,,
7000090032,125,, NORTHERN AVE ,,,HAMPDEN,ME,4444,4448,,1,1,8,819,819,80,,,,,,,,,,,,,,,,,,,,,,
7000090032,125,, NORTHERN AVE ,,,HAMPDEN,ME,4444,4448,,1,1,8,819,819,80,,,,,,,,,,,,,,,,,,,,,,
7000090033,15,, SOPHIE LN ,,,HAMPDEN,ME,4444,4448,,1,1,8,819,819,80,,,,,,,,,,,,,,,,,,,,,,
7000090033,15,, SOPHIE LN ,,,HAMPDEN,ME,4444,4448,,1,1,8,819,819,80,,,,,,,,,,,,,,,,,,,,,,
7000090087,15,, FRANKLIN ST ,,,BUCKSPORT,ME,4416,4420,,1,1,8,819,819,80,,,,,,,,,,,,,,,,,,,,,,
7000090087,15,, FRANKLIN ST ,,,BUCKSPORT,ME,4416,4420,,1,1,8,819,819,80,,,,,,,,,,,,,,,,,,,,,,
7000090151,36,, PERRY RD ,,,HAMPDEN,ME,4444,4448,,1,1,8,819,819,80,,,,,,,,,,,,,,,,,,,,,,
7000090151,36,, PERRY RD ,,,HAMPDEN,ME,4444,4448,,1,1,8,819,819,80,,,,,,,,,,,,,,,,,,,,,,
7000090270,36,, SOPHIE LN ,,,HAMPDEN,ME,4444,4448,,1,1,8,819,819,80,,,,,,,,,,,,,,,,,,,,,,
7000090270,36,, SOPHIE LN ,,,HAMPDEN,ME,4444,4448,,1,1,8,819,819,80,,,,,,,,,,,,,,,,,,,,,,
7000090282,58,, PERRY RD ,,,HAMPDEN,ME,4444,4448,,1,1,8,819,819,80,,,,,,,,,,,,,,,,,,,,,,
7000090282,58,, PERRY RD ,,,HAMPDEN,ME,4444,4448,,1,1,8,819,819,80,,,,,,,,,,,,,,,,,,,,,,
7000090373,58,, PATTERSON ST ,,,HAMPDEN,ME,4444,4448,,1,1,8,819,819,80,,,,,,,,,,,,,,,,,,,,,,
7000090373,58,, PATTERSON ST ,,,HAMPDEN,ME,4444,4448,,1,1,8,819,819,80,,,,,,,,,,,,,,,,,,,,,,
7000092932,33,, CHARLES ST ,,,HAMPDEN,ME,4444,4448,,1,1,8,819,819,80,,,,,,,,,,,,,,,,,,,,,,
7000092932,33,, CHARLES ST ,,,HAMPDEN,ME,4444,4448,,1,1,8,819,819,80,,,,,,,,,,,,,,,,,,,,,,
7000092933,33,, PATTERSON ST ,,,HAMPDEN,ME,4444,4448,,1,1,8,819,819,80,,,,,,,,,,,,,,,,,,,,,,
7000092933,33,, PATTERSON ST ,,,HAMPDEN,ME,4444,4448,,1,1,8,819,819,80,,,,,,,,,,,,,,,,,,,,,,
7000093036,56,, MAIN RD N,,,HAMPDEN,ME,4444,4448,,1,1,8,819,819,80,,,,,,,,,,,,,,,,,,,,,,
7000093036,56,, MAIN RD N,,,HAMPDEN,ME,4444,4448,,1,1,8,819,819,80,,,,,,,,,,,,,,,,,,,,,,
7000093065,56,, WILLIAMS ST ,,,HAMPDEN,ME,4444,4448,,1,1,8,819,819,80,,,,,,,,,,,,,,,,,,,,,,
7000093065,56,, WILLIAMS ST ,,,HAMPDEN,ME,4444,4448,,1,1,8,819,819,80,,,,,,,,,,,,,,,,,,,,,,
7000093152,40,, MECHANIC ST ,,,BUCKSPORT,ME,4416,4420,,1,1,8,819,819,80,,,,,,,,,,,,,,,,,,,,,,
7000093152,40,, MECHANIC ST ,,,BUCKSPORT,ME,4416,4420,,1,1,8,819,819,80,,,,,,,,,,,,,,,,,,,,,,
7000093193,40,, MECHANIC ST ,,,BUCKSPORT,ME,4416,4420,,1,1,8,819,819,80,,,,,,,,,,,,,,,,,,,,,,
7000093193,40,, MECHANIC ST ,,,BUCKSPORT,ME,4416,4420,,1,1,8,819,819,80,,,,,,,,,,,,,,,,,,,,,,
7000093311,200,, MECHANIC ST ,MSA 2,,BUCKSPORT,ME,4416,4420,,1,1,8,819,819,80,,,,,,,,,,,,,,,,,,,,,,
7000093311,200,, MECHANIC ST ,MSA 2,,BUCKSPORT,ME,4416,4420,,1,1,8,819,819,80,,,,,,,,,,,,,,,,,,,,,,
7000093312,200,, FRANKLIN ST ,MSA 2,,BUCKSPORT,ME,4416,4420,,1,1,8,819,819,80,,,,,,,,,,,,,,,,,,,,,,
7000093312,200,, FRANKLIN ST ,MSA 2,,BUCKSPORT,ME,4416,4420,,1,1,8,819,819,80,,,,,,,,,,,,,,,,,,,,,,
7000093527,58,, CHICKADEE LN ,,,HAMPDEN,ME,4444,4448,,1,1,8,819,819,80,,,,,,,,,,,,,,,,,,,,,,
7000093527,58,, CHICKADEE LN ,,,HAMPDEN,ME,4444,4448,,1,1,8,819,819,80,,,,,,,,,,,,,,,,,,,,,,
7000095421,58,, MAIN RD N,,,HAMPDEN,ME,4444,4448,,1,1,8,819,819,80,,,,,,,,,,,,,,,,,,,,,,
7000095421,58,, MAIN RD N,,,HAMPDEN,ME,4444,4448,,1,1,8,819,819,80,,,,,,,,,,,,,,,,,,,,,,
7000095423,57,, MAIN RD N,,,HAMPDEN,ME,4444,4448,,1,1,8,819,819,80,,,,,,,,,,,,,,,,,,,,,,
7000095423,57,, MAIN RD N,,,HAMPDEN,ME,4444,4448,,1,1,8,819,819,80,,,,,,,,,,,,,,,,,,,,,,
7000095631,57,, MAIN RD N,,,HAMPDEN,ME,4444,4448,,1,1,8,819,819,80,,,,,,,,,,,,,,,,,,,,,,
7000095631,57,, MAIN RD N,,,HAMPDEN,ME,4444,4448,,1,1,8,819,819,80,,,,,,,,,,,,,,,,,,,,,,
7000098172,54,, MAIN RD N,,,HAMPDEN,ME,4444,4448,,1,1,8,819,819,80,,,,,,,,,,,,,,,,,,,,,,
7000098172,54,, MAIN RD N,,,HAMPDEN,ME,4444,4448,,1,1,8,819,819,80,,,,,,,,,,,,,,,,,,,,,,
7000098224,54,, BUCK ST ,,,BUCKSPORT,ME,4416,4420,,1,1,8,819,819,80,,,,,,,,,,,,,,,,,,,,,,
7000098224,54,, BUCK ST ,,,BUCKSPORT,ME,4416,4420,,1,1,8,819,819,80,,,,,,,,,,,,,,,,,,,,,,
7000098329,54,, MAIN RD N,,,HAMPDEN,ME,4444,4448,,1,1,8,819,819,80,,,,,,,,,,,,,,,,,,,,,,
7000098329,54,, MAIN RD N,,,HAMPDEN,ME,4444,4448,,1,1,8,819,819,80,,,,,,,,,,,,,,,,,,,,,,
7000098330,54,, WILLIAMS ST ,,,HAMPDEN,ME,4444,4448,,1,1,8,819,819,80,,,,,,,,,,,,,,,,,,,,,,
7000098330,54,, WILLIAMS ST ,,,HAMPDEN,ME,4444,4448,,1,1,8,819,819,80,,,,,,,,,,,,,,,,,,,,,,
7000098495,23,, MAIN ST ,STE 300,,BUCKSPORT,ME,4416,4420,,1,2,8,819,819,80,,,,,,,,,,,,,,,,,,,,,,
7000098495,23,, MAIN ST ,STE 300,,BUCKSPORT,ME,4416,4420,,1,2,8,819,819,80,,,,,,,,,,,,,,,,,,,,,,
7000098584,23,, MAIN ST ,,,BUCKSPORT,ME,4416,4420,,1,1,8,819,819,80,,,,,,,,,,,,,,,,,,,,,,
7000098584,23,, MAIN ST ,,,BUCKSPORT,ME,4416,4420,,1,1,8,819,819,80,,,,,,,,,,,,,,,,,,,,,,
7000098769,123,, TRIANGLE RD ,UNIT 1,,HAMPDEN,ME,4444,4448,,1,1,8,819,819,80,,,,,,,,,,,,,,,,,,,,,,
7000098769,123,, TRIANGLE RD ,UNIT 1,,HAMPDEN,ME,4444,4448,,1,1,8,819,819,80,,,,,,,,,,,,,,,,,,,,,,
7000098770,123,, TRIANGLE RD ,UNIT 2,,HAMPDEN,ME,4444,4448,,1,1,8,819,819,80,,,,,,,,,,,,,,,,,,,,,,
7000098770,123,, TRIANGLE RD ,UNIT 2,,HAMPDEN,ME,4444,4448,,1,1,8,819,819,80,,,,,,,,,,,,,,,,,,,,,,
7000098772,124,, TRIANGLE RD ,UNIT 3,,HAMPDEN,ME,4444,4448,,1,1,8,819,819,80,,,,,,,,,,,,,,,,,,,,,,
7000098772,124,, TRIANGLE RD ,UNIT 3,,HAMPDEN,ME,4444,4448,,1,1,8,819,819,80,,,,,,,,,,,,,,,,,,,,,,
7000098935,124,, CARRIAGE LN ,,,HAMPDEN,ME,4444,4448,,1,1,8,819,819,80,,,,,,,,,,,,,,,,,,,,,,
7000098935,124,, CARRIAGE LN ,,,HAMPDEN,ME,4444,4448,,1,1,8,819,819,80,,,,,,,,,,,,,,,,,,,,,,
7000099021,17,, FOREST HILL  ,,,BUCKSPORT,ME,4416,4420,,1,1,8,819,819,80,,,,,,,,,,,,,,,,,,,,,,
7000099021,17,, FOREST HILL  ,,,BUCKSPORT,ME,4416,4420,,1,1,8,819,819,80,,,,,,,,,,,,,,,,,,,,,,
7000099099,17,, PINE ST ,,,BUCKSPORT,ME,4416,4420,,1,1,8,819,819,80,,,,,,,,,,,,,,,,,,,,,,
7000099099,17,, PINE ST ,,,BUCKSPORT,ME,4416,4420,,1,1,8,819,819,80,,,,,,,,,,,,,,,,,,,,,,
7000099190,523,, SUNSET AVE ,,,HAMPDEN,ME,4444,4448,,1,1,8,819,819,80,,,,,,,,,,,,,,,,,,,,,,
7000099190,523,, SUNSET AVE ,,,HAMPDEN,ME,4444,4448,,1,1,8,819,819,80,,,,,,,,,,,,,,,,,,,,,,
7000099237,523,, FOREST HILL  ,,,BUCKSPORT,ME,4416,4420,,1,1,8,819,819,80,,,,,,,,,,,,,,,,,,,,,,
7000099237,523,, FOREST HILL  ,,,BUCKSPORT,ME,4416,4420,,1,1,8,819,819,80,,,,,,,,,,,,,,,,,,,,,,
7000099268,174,, MAIN RD N,,,HAMPDEN,ME,4444,4448,,1,1,8,819,819,80,,,,,,,,,,,,,,,,,,,,,,
7000099268,174,, MAIN RD N,,,HAMPDEN,ME,4444,4448,,1,1,8,819,819,80,,,,,,,,,,,,,,,,,,,,,,
7000099269,174,, OLD COUNTY RD ,UNIT 1,,HAMPDEN,ME,4444,4448,,1,1,8,819,819,80,,,,,,,,,,,,,,,,,,,,,,
7000099269,174,, OLD COUNTY RD ,UNIT 1,,HAMPDEN,ME,4444,4448,,1,1,8,819,819,80,,,,,,,,,,,,,,,,,,,,,,
7000099272,280,, OLD COUNTY RD ,UNIT 2,,HAMPDEN,ME,4444,4448,,1,1,8,819,819,80,,,,,,,,,,,,,,,,,,,,,,
7000099272,280,, OLD COUNTY RD ,UNIT 2,,HAMPDEN,ME,4444,4448,,1,1,8,819,819,80,,,,,,,,,,,,,,,,,,,,,,
7000099273,280,, OLD COUNTY RD ,UNIT 3,,HAMPDEN,ME,4444,4448,,1,1,8,819,819,80,,,,,,,,,,,,,,,,,,,,,,
7000099273,280,, OLD COUNTY RD ,UNIT 3,,HAMPDEN,ME,4444,4448,,1,1,8,819,819,80,,,,,,,,,,,,,,,,,,,,,,
7000099275,26,, OLD COUNTY RD ,UNIT 4,,HAMPDEN,ME,4444,4448,,1,1,8,819,819,80,,,,,,,,,,,,,,,,,,,,,,
7000099275,26,, OLD COUNTY RD ,UNIT 4,,HAMPDEN,ME,4444,4448,,1,1,8,819,819,80,,,,,,,,,,,,,,,,,,,,,,
7000099276,26,, OLD COUNTY RD ,UNIT 5,,HAMPDEN,ME,4444,4448,,1,1,8,819,819,80,,,,,,,,,,,,,,,,,,,,,,
7000099276,26,, OLD COUNTY RD ,UNIT 5,,HAMPDEN,ME,4444,4448,,1,1,8,819,819,80,,,,,,,,,,,,,,,,,,,,,,
7000099280,37,, OLD COUNTY RD ,UNIT 6,,HAMPDEN,ME,4444,4448,,1,1,8,819,819,80,,,,,,,,,,,,,,,,,,,,,,
7000099280,37,, OLD COUNTY RD ,UNIT 6,,HAMPDEN,ME,4444,4448,,1,1,8,819,819,80,,,,,,,,,,,,,,,,,,,,,,
7000099283,37,, OLD COUNTY RD ,UNIT 7,,HAMPDEN,ME,4444,4448,,1,1,8,819,819,80,,,,,,,,,,,,,,,,,,,,,,
7000099283,37,, OLD COUNTY RD ,UNIT 7,,HAMPDEN,ME,4444,4448,,1,1,8,819,819,80,,,,,,,,,,,,,,,,,,,,,,
7000099284,375,, OLD COUNTY RD ,UNIT 8,,HAMPDEN,ME,4444,4448,,1,1,8,819,819,80,,,,,,,,,,,,,,,,,,,,,,
7000099284,375,, OLD COUNTY RD ,UNIT 8,,HAMPDEN,ME,4444,4448,,1,1,8,819,819,80,,,,,,,,,,,,,,,,,,,,,,
7000099285,375,, OLD COUNTY RD ,UNIT 9,,HAMPDEN,ME,4444,4448,,1,1,8,819,819,80,,,,,,,,,,,,,,,,,,,,,,
7000099285,375,, OLD COUNTY RD ,UNIT 9,,HAMPDEN,ME,4444,4448,,1,1,8,819,819,80,,,,,,,,,,,,,,,,,,,,,,
7000099303,393,, MAIN RD N,,,HAMPDEN,ME,4444,4448,,1,1,8,819,819,80,,,,,,,,,,,,,,,,,,,,,,
7000099303,393,, MAIN RD N,,,HAMPDEN,ME,4444,4448,,1,1,8,819,819,80,,,,,,,,,,,,,,,,,,,,,,
7000099325,393,, MAIN RD N,,,HAMPDEN,ME,4444,4448,,1,1,8,819,819,80,,,,,,,,,,,,,,,,,,,,,,
7000099325,393,, MAIN RD N,,,HAMPDEN,ME,4444,4448,,1,1,8,819,819,80,,,,,,,,,,,,,,,,,,,,,,
7000099438,387,, MAIN ST ,,,BUCKSPORT,ME,4416,4420,,1,1,8,819,819,80,,,,,,,,,,,,,,,,,,,,,,
7000099438,387,, MAIN ST ,,,BUCKSPORT,ME,4416,4420,,1,1,8,819,819,80,,,,,,,,,,,,,,,,,,,,,,
7000099598,387,, PATTERSON ST ,,,HAMPDEN,ME,4444,4448,,1,1,8,819,819,80,,,,,,,,,,,,,,,,,,,,,,
7000099598,387,, PATTERSON ST ,,,HAMPDEN,ME,4444,4448,,1,1,8,819,819,80,,,,,,,,,,,,,,,,,,,,,,
7000099606,377,, MAIN ST ,,,BUCKSPORT,ME,4416,4420,,1,2,8,819,819,80,,,,,,,,,,,,,,,,,,,,,,
7000099606,377,, MAIN ST ,,,BUCKSPORT,ME,4416,4420,,1,2,8,819,819,80,,,,,,,,,,,,,,,,,,,,,,
7000099687,377,, BRIDGE ST ,,,BUCKSPORT,ME,4416,4420,,1,1,8,819,819,80,,,,,,,,,,,,,,,,,,,,,,
7000099687,377,, BRIDGE ST ,,,BUCKSPORT,ME,4416,4420,,1,1,8,819,819,80,,,,,,,,,,,,,,,,,,,,,,
7000067057,16,, MECAW RD ,,,HAMPDEN,ME,4444,4448,,1,2,8,806,806,80,,,,,,,,,,,,,,,,,,,,,,
7000067057,16,, MECAW RD ,,,HAMPDEN,ME,4444,4448,,1,2,8,806,806,80,,,,,,,,,,,,,,,,,,,,,,
7000066997,16,, TARGET INDUSTRIAL CIR ,,,BANGOR,ME,4401,4405,,1,2,8,806,806,80,,,,,,,,,,,,,,,,,,,,,,
7000066997,16,, TARGET INDUSTRIAL CIR ,,,BANGOR,ME,4401,4405,,1,2,8,806,806,80,,,,,,,,,,,,,,,,,,,,,,
7000061923,153,, ODLIN RD , LEFT SIDE,,BANGOR,ME,4401,4405,,1,2,8,806,806,80,,,,,,,,,,,,,,,,,,,,,,
7000061923,153,, ODLIN RD , LEFT SIDE,,BANGOR,ME,4401,4405,,1,2,8,806,806,80,,,,,,,,,,,,,,,,,,,,,,
7000066350,153,, HAMMOND ST ,,,BANGOR,ME,4401,4405,,1,2,8,806,806,80,,,,,,,,,,,,,,,,,,,,,,
7000066350,153,, HAMMOND ST ,,,BANGOR,ME,4401,4405,,1,2,8,806,806,80,,,,,,,,,,,,,,,,,,,,,,
7000062462,249,,W BROADWAY  ,,,BANGOR,ME,4401,4405,,1,1,8,806,806,80,,,,,,,,,,,,,,,,,,,,,,
7000062462,249,,W BROADWAY  ,,,BANGOR,ME,4401,4405,,1,1,8,806,806,80,,,,,,,,,,,,,,,,,,,,,,
7000066966,249,, BOUTELLE RD ,,,BANGOR,ME,4401,4405,,1,1,8,806,806,80,,,,,,,,,,,,,,,,,,,,,,
7000066966,249,, BOUTELLE RD ,,,BANGOR,ME,4401,4405,,1,1,8,806,806,80,,,,,,,,,,,,,,,,,,,,,,
7000062843,529,, ODLIN RD ,,,BANGOR,ME,4401,4405,,1,1,8,806,806,80,,,,,,,,,,,,,,,,,,,,,,
7000062843,529,, ODLIN RD ,,,BANGOR,ME,4401,4405,,1,1,8,806,806,80,,,,,,,,,,,,,,,,,,,,,,
7000062152,529,, FREEDOM PARKWAY WAY ,,,HERMON,ME,4401,4405,,1,2,8,806,806,80,,,,,,,,,,,,,,,,,,,,,,
7000062152,529,, FREEDOM PARKWAY WAY ,,,HERMON,ME,4401,4405,,1,2,8,806,806,80,,,,,,,,,,,,,,,,,,,,,,
7000063297,19,, HAMMOND ST ,,,BANGOR,ME,4401,4405,,1,2,8,806,806,80,,,,,,,,,,,,,,,,,,,,,,
7000063297,19,, HAMMOND ST ,,,BANGOR,ME,4401,4405,,1,2,8,806,806,80,,,,,,,,,,,,,,,,,,,,,,
7000064899,19,, PERRY RD ,,,BANGOR,ME,4401,4405,,1,2,8,806,806,80,,,,,,,,,,,,,,,,,,,,,,
7000064899,19,, PERRY RD ,,,BANGOR,ME,4401,4405,,1,2,8,806,806,80,,,,,,,,,,,,,,,,,,,,,,
7000062599,6,, ODLIN RD ,,,BANGOR,ME,4401,4405,,1,2,8,806,806,80,,,,,,,,,,,,,,,,,,,,,,
7000062599,6,, ODLIN RD ,,,BANGOR,ME,4401,4405,,1,2,8,806,806,80,,,,,,,,,,,,,,,,,,,,,,
7000062093,6,, ODLIN RD ,,,BANGOR,ME,4401,4405,,1,2,8,806,806,80,,,,,,,,,,,,,,,,,,,,,,
7000062093,6,, ODLIN RD ,,,BANGOR,ME,4401,4405,,1,2,8,806,806,80,,,,,,,,,,,,,,,,,,,,,,
7000062100,5,, ODLIN RD ,,,BANGOR,ME,4401,4405,,1,2,8,806,806,80,,,,,,,,,,,,,,,,,,,,,,
7000062100,5,, ODLIN RD ,,,BANGOR,ME,4401,4405,,1,2,8,806,806,80,,,,,,,,,,,,,,,,,,,,,,
7000062652,5,, ODLIN RD ,MSA #1,,BANGOR,ME,4401,4405,,1,2,8,806,806,80,,,,,,,,,,,,,,,,,,,,,,
7000062652,5,, ODLIN RD ,MSA #1,,BANGOR,ME,4401,4405,,1,2,8,806,806,80,,,,,,,,,,,,,,,,,,,,,,
7000062876,4,, ODLIN RD ,MSA #2,,BANGOR,ME,4401,4405,,1,2,8,806,806,80,,,,,,,,,,,,,,,,,,,,,,
7000062876,4,, ODLIN RD ,MSA #2,,BANGOR,ME,4401,4405,,1,2,8,806,806,80,,,,,,,,,,,,,,,,,,,,,,
7000063315,4,, ODLIN RD ,MSA #3,,BANGOR,ME,4401,4405,,1,2,8,806,806,80,,,,,,,,,,,,,,,,,,,,,,
7000063315,4,, ODLIN RD ,MSA #3,,BANGOR,ME,4401,4405,,1,2,8,806,806,80,,,,,,,,,,,,,,,,,,,,,,
7000065665,372,, BOUTELLE RD ,,,BANGOR,ME,4401,4405,,1,1,8,806,806,80,,,,,,,,,,,,,,,,,,,,,,
7000065665,372,, BOUTELLE RD ,,,BANGOR,ME,4401,4405,,1,1,8,806,806,80,,,,,,,,,,,,,,,,,,,,,,
7000062864,372,, NORWAY RD ,,,BANGOR,ME,4401,4405,,1,1,8,806,806,80,,,,,,,,,,,,,,,,,,,,,,
7000062864,372,, NORWAY RD ,,,BANGOR,ME,4401,4405,,1,1,8,806,806,80,,,,,,,,,,,,,,,,,,,,,,
7000063158,35,, ROYAL RD ,,,BANGOR,ME,4401,4405,,1,1,8,806,806,80,,,,,,,,,,,,,,,,,,,,,,
7000063158,35,, ROYAL RD ,,,BANGOR,ME,4401,4405,,1,1,8,806,806,80,,,,,,,,,,,,,,,,,,,,,,
7000062191,35,, ODLIN RD ,,,BANGOR,ME,4401,4405,,1,2,8,806,806,80,,,,,,,,,,,,,,,,,,,,,,
7000062191,35,, ODLIN RD ,,,BANGOR,ME,4401,4405,,1,2,8,806,806,80,,,,,,,,,,,,,,,,,,,,,,
7000062016,9,, HAMMOND ST ,,,BANGOR,ME,4401,4405,,1,2,8,806,806,80,,,,,,,,,,,,,,,,,,,,,,
7000062016,9,, HAMMOND ST ,,,BANGOR,ME,4401,4405,,1,2,8,806,806,80,,,,,,,,,,,,,,,,,,,,,,
7000062009,9,, HAMMOND ST ,,,BANGOR,ME,4401,4405,,1,2,8,806,806,80,,,,,,,,,,,,,,,,,,,,,,
7000062009,9,, HAMMOND ST ,,,BANGOR,ME,4401,4405,,1,2,8,806,806,80,,,,,,,,,,,,,,,,,,,,,,
7000062023,38,, HAMMOND ST ,,,BANGOR,ME,4401,4405,,1,2,8,806,806,80,,,,,,,,,,,,,,,,,,,,,,
7000062023,38,, HAMMOND ST ,,,BANGOR,ME,4401,4405,,1,2,8,806,806,80,,,,,,,,,,,,,,,,,,,,,,
7000062086,38,, ODLIN RD ,,,BANGOR,ME,4401,4405,,1,2,8,806,806,80,,,,,,,,,,,,,,,,,,,,,,
7000062086,38,, ODLIN RD ,,,BANGOR,ME,4401,4405,,1,2,8,806,806,80,,,,,,,,,,,,,,,,,,,,,,
7000062987,381,, NORWAY RD ,,,BANGOR,ME,4401,4405,,1,1,8,806,806,80,,,,,,,,,,,,,,,,,,,,,,
7000062987,381,, NORWAY RD ,,,BANGOR,ME,4401,4405,,1,1,8,806,806,80,,,,,,,,,,,,,,,,,,,,,,
7000063036,381,,W BROADWAY  ,,,BANGOR,ME,4401,4405,,1,1,8,806,806,80,,,,,,,,,,,,,,,,,,,,,,
7000063036,381,,W BROADWAY  ,,,BANGOR,ME,4401,4405,,1,1,8,806,806,80,,,,,,,,,,,,,,,,,,,,,,
7000062450,54,, ODLIN RD ,HOTEL,,BANGOR,ME,4401,4405,,1,2,8,806,806,80,,,,,,,,,,,,,,,,,,,,,,
7000062450,54,, ODLIN RD ,HOTEL,,BANGOR,ME,4401,4405,,1,2,8,806,806,80,,,,,,,,,,,,,,,,,,,,,,
7000062614,54,, HAMMOND ST ,,,BANGOR,ME,4401,4405,,1,1,8,806,806,80,,,,,,,,,,,,,,,,,,,,,,
7000062614,54,, HAMMOND ST ,,,BANGOR,ME,4401,4405,,1,1,8,806,806,80,,,,,,,,,,,,,,,,,,,,,,
7000066756,270,, HAMMOND ST ,,,BANGOR,ME,4401,4405,,1,2,8,806,806,80,,,,,,,,,,,,,,,,,,,,,,
7000066756,270,, HAMMOND ST ,,,BANGOR,ME,4401,4405,,1,2,8,806,806,80,,,,,,,,,,,,,,,,,,,,,,
7000062429,270,, ODLIN RD ,RESTAURANT,,BANGOR,ME,4401,4405,,1,2,8,806,806,80,,,,,,,,,,,,,,,,,,,,,,
7000062429,270,, ODLIN RD ,RESTAURANT,,BANGOR,ME,4401,4405,,1,2,8,806,806,80,,,,,,,,,,,,,,,,,,,,,,
7000063064,9,, ODLIN RD ,,,BANGOR,ME,4401,4405,,1,2,8,806,806,80,,,,,,,,,,,,,,,,,,,,,,
7000063064,9,, ODLIN RD ,,,BANGOR,ME,4401,4405,,1,2,8,806,806,80,,,,,,,,,,,,,,,,,,,,,,
7000062981,9,, ROYAL RD ,,,BANGOR,ME,4401,4405,,1,1,8,806,806,80,,,,,,,,,,,,,,,,,,,,,,
7000062981,9,, ROYAL RD ,,,BANGOR,ME,4401,4405,,1,1,8,806,806,80,,,,,,,,,,,,,,,,,,,,,,
7000064091,14,,W BROADWAY  ,,,BANGOR,ME,4401,4405,,1,1,8,806,806,80,,,,,,,,,,,,,,,,,,,,,,
7000064091,14,,W BROADWAY  ,,,BANGOR,ME,4401,4405,,1,1,8,806,806,80,,,,,,,,,,,,,,,,,,,,,,
7000063009,14,, ROYAL RD ,,,BANGOR,ME,4401,4405,,1,1,8,806,806,80,,,,,,,,,,,,,,,,,,,,,,
7000063009,14,, ROYAL RD ,,,BANGOR,ME,4401,4405,,1,1,8,806,806,80,,,,,,,,,,,,,,,,,,,,,,
7000065899,124,, FREEDOM PARK PARK ,MSA 1,,HERMON,ME,4401,4405,,1,2,8,806,806,80,,,,,,,,,,,,,,,,,,,,,,
7000065899,124,, FREEDOM PARK PARK ,MSA 1,,HERMON,ME,4401,4405,,1,2,8,806,806,80,,,,,,,,,,,,,,,,,,,,,,
7000062988,124,, ROYAL RD ,,,BANGOR,ME,4401,4405,,1,1,8,806,806,80,,,,,,,,,,,,,,,,,,,,,,
7000062988,124,, ROYAL RD ,,,BANGOR,ME,4401,4405,,1,1,8,806,806,80,,,,,,,,,,,,,,,,,,,,,,
7000062925,19,, ROYAL RD ,,,BANGOR,ME,4401,4405,,1,1,8,806,806,80,,,,,,,,,,,,,,,,,,,,,,
7000062925,19,, ROYAL RD ,,,BANGOR,ME,4401,4405,,1,1,8,806,806,80,,,,,,,,,,,,,,,,,,,,,,
7000062953,19,, ROYAL RD ,,,BANGOR,ME,4401,4405,,1,1,8,806,806,80,,,,,,,,,,,,,,,,,,,,,,
7000062953,19,, ROYAL RD ,,,BANGOR,ME,4401,4405,,1,1,8,806,806,80,,,,,,,,,,,,,,,,,,,,,,
7000063002,355,, ROYAL RD ,,,BANGOR,ME,4401,4405,,1,1,8,806,806,80,,,,,,,,,,,,,,,,,,,,,,
7000063002,355,, ROYAL RD ,,,BANGOR,ME,4401,4405,,1,1,8,806,806,80,,,,,,,,,,,,,,,,,,,,,,
7000062974,355,, ROYAL RD ,,,BANGOR,ME,4401,4405,,1,1,8,806,806,80,,,,,,,,,,,,,,,,,,,,,,
7000062974,355,, ROYAL RD ,,,BANGOR,ME,4401,4405,,1,1,8,806,806,80,,,,,,,,,,,,,,,,,,,,,,
7000062995,738,, ROYAL RD ,,,BANGOR,ME,4401,4405,,1,1,8,806,806,80,,,,,,,,,,,,,,,,,,,,,,
7000062995,738,, ROYAL RD ,,,BANGOR,ME,4401,4405,,1,1,8,806,806,80,,,,,,,,,,,,,,,,,,,,,,
7000062932,738,, ROYAL RD ,,,BANGOR,ME,4401,4405,,1,1,8,806,806,80,,,,,,,,,,,,,,,,,,,,,,
7000062932,738,, ROYAL RD ,,,BANGOR,ME,4401,4405,,1,1,8,806,806,80,,,,,,,,,,,,,,,,,,,,,,
7000062255,306,,W BROADWAY  ,,,BANGOR,ME,4401,4405,,1,1,8,806,806,80,,,,,,,,,,,,,,,,,,,,,,
7000062255,306,,W BROADWAY  ,,,BANGOR,ME,4401,4405,,1,1,8,806,806,80,,,,,,,,,,,,,,,,,,,,,,
7000062939,306,, ROYAL RD ,,,BANGOR,ME,4401,4405,,1,1,8,806,806,80,,,,,,,,,,,,,,,,,,,,,,
7000062939,306,, ROYAL RD ,,,BANGOR,ME,4401,4405,,1,1,8,806,806,80,,,,,,,,,,,,,,,,,,,,,,
7000062918,308,, ROYAL RD ,,,BANGOR,ME,4401,4405,,1,1,8,806,806,80,,,,,,,,,,,,,,,,,,,,,,
7000062918,308,, ROYAL RD ,,,BANGOR,ME,4401,4405,,1,1,8,806,806,80,,,,,,,,,,,,,,,,,,,,,,
7000063831,308,, ROYAL RD ,,,BANGOR,ME,4401,4405,,1,1,8,806,806,80,,,,,,,,,,,,,,,,,,,,,,
7000063831,308,, ROYAL RD ,,,BANGOR,ME,4401,4405,,1,1,8,806,806,80,,,,,,,,,,,,,,,,,,,,,,
7000063016,47,, ROYAL RD ,,,BANGOR,ME,4401,4405,,1,1,8,806,806,80,,,,,,,,,,,,,,,,,,,,,,
7000063016,47,, ROYAL RD ,,,BANGOR,ME,4401,4405,,1,1,8,806,806,80,,,,,,,,,,,,,,,,,,,,,,
7000063057,47,, SILVER RD ,,,BANGOR,ME,4401,4405,,1,1,8,806,806,80,,,,,,,,,,,,,,,,,,,,,,
7000063057,47,, SILVER RD ,,,BANGOR,ME,4401,4405,,1,1,8,806,806,80,,,,,,,,,,,,,,,,,,,,,,
7000062960,9,, ROYAL RD ,,,BANGOR,ME,4401,4405,,1,1,8,806,806,80,,,,,,,,,,,,,,,,,,,,,,
7000062960,9,, ROYAL RD ,,,BANGOR,ME,4401,4405,,1,1,8,806,806,80,,,,,,,,,,,,,,,,,,,,,,
7000062946,9,, ROYAL RD ,,,BANGOR,ME,4401,4405,,1,1,8,806,806,80,,,,,,,,,,,,,,,,,,,,,,
7000062946,9,, ROYAL RD ,,,BANGOR,ME,4401,4405,,1,1,8,806,806,80,,,,,,,,,,,,,,,,,,,,,,
7000063072,13,, GRAHAM AVE N,,,BANGOR,ME,4401,4405,,1,1,8,806,806,80,,,,,,,,,,,,,,,,,,,,,,
7000063072,13,, GRAHAM AVE N,,,BANGOR,ME,4401,4405,,1,1,8,806,806,80,,,,,,,,,,,,,,,,,,,,,,
7000062513,13,, TARGET INDUSTRIAL CIR ,,,BANGOR,ME,4401,4405,,1,2,8,806,806,80,,,,,,,,,,,,,,,,,,,,,,
7000062513,13,, TARGET INDUSTRIAL CIR ,,,BANGOR,ME,4401,4405,,1,2,8,806,806,80,,,,,,,,,,,,,,,,,,,,,,
7000064173,53,, NORWAY RD ,,,BANGOR,ME,4401,4405,,1,1,8,806,806,80,,,,,,,,,,,,,,,,,,,,,,
7000064173,53,, NORWAY RD ,,,BANGOR,ME,4401,4405,,1,1,8,806,806,80,,,,,,,,,,,,,,,,,,,,,,
7000062415,53,, TARGET INDUSTRIAL CIR ,,,BANGOR,ME,4401,4405,,1,2,8,806,806,80,,,,,,,,,,,,,,,,,,,,,,
7000062415,53,, TARGET INDUSTRIAL CIR ,,,BANGOR,ME,4401,4405,,1,2,8,806,806,80,,,,,,,,,,,,,,,,,,,,,,
7000064101,37,, NORWAY RD ,,,BANGOR,ME,4401,4405,,1,1,8,806,806,80,,,,,,,,,,,,,,,,,,,,,,
7000064101,37,, NORWAY RD ,,,BANGOR,ME,4401,4405,,1,1,8,806,806,80,,,,,,,,,,,,,,,,,,,,,,
7000062408,37,, TARGET INDUSTRIAL CIR ,,,BANGOR,ME,4401,4405,,1,2,8,806,806,80,,,,,,,,,,,,,,,,,,,,,,
7000062408,37,, TARGET INDUSTRIAL CIR ,,,BANGOR,ME,4401,4405,,1,2,8,806,806,80,,,,,,,,,,,,,,,,,,,,,,
7000064059,722,, NORWAY RD ,,,BANGOR,ME,4401,4405,,1,1,8,806,806,80,,,,,,,,,,,,,,,,,,,,,,
7000064059,722,, NORWAY RD ,,,BANGOR,ME,4401,4405,,1,1,8,806,806,80,,,,,,,,,,,,,,,,,,,,,,
7000065905,722,, FREEDOM PARK PARK ,MSA 2,,HERMON,ME,4401,4405,,1,2,8,806,806,80,,,,,,,,,,,,,,,,,,,,,,
7000065905,722,, FREEDOM PARK PARK ,MSA 2,,HERMON,ME,4401,4405,,1,2,8,806,806,80,,,,,,,,,,,,,,,,,,,,,,
7000064011,75,, NORWAY RD ,,,BANGOR,ME,4401,4405,,1,1,8,806,806,80,,,,,,,,,,,,,,,,,,,,,,
7000064011,75,, NORWAY RD ,,,BANGOR,ME,4401,4405,,1,1,8,806,806,80,,,,,,,,,,,,,,,,,,,,,,
7000065911,75,, FREEDOM PARK PARK ,MSA 3,,HERMON,ME,4401,4405,,1,2,8,806,806,80,,,,,,,,,,,,,,,,,,,,,,
7000065911,75,, FREEDOM PARK PARK ,MSA 3,,HERMON,ME,4401,4405,,1,2,8,806,806,80,,,,,,,,,,,,,,,,,,,,,,
7000064023,34,, NORWAY RD ,,,BANGOR,ME,4401,4405,,1,1,8,806,806,80,,,,,,,,,,,,,,,,,,,,,,
7000064023,34,, NORWAY RD ,,,BANGOR,ME,4401,4405,,1,1,8,806,806,80,,,,,,,,,,,,,,,,,,,,,,
7000064029,34,, NORWAY RD ,,,BANGOR,ME,4401,4405,,1,1,8,806,806,80,,,,,,,,,,,,,,,,,,,,,,
7000064029,34,, NORWAY RD ,,,BANGOR,ME,4401,4405,,1,1,8,806,806,80,,,,,,,,,,,,,,,,,,,,,,
7000062807,123,, TARGET INDUSTRIAL CIR ,,,BANGOR,ME,4401,4405,,1,2,8,806,806,80,,,,,,,,,,,,,,,,,,,,,,
7000062807,123,, TARGET INDUSTRIAL CIR ,,,BANGOR,ME,4401,4405,,1,2,8,806,806,80,,,,,,,,,,,,,,,,,,,,,,
7000064017,123,, NORWAY RD ,,,BANGOR,ME,4401,4405,,1,1,8,806,806,80,,,,,,,,,,,,,,,,,,,,,,
7000064017,123,, NORWAY RD ,,,BANGOR,ME,4401,4405,,1,1,8,806,806,80,,,,,,,,,,,,,,,,,,,,,,
7000062401,226,, TARGET INDUSTRIAL CIR ,,,BANGOR,ME,4401,4405,,1,2,8,806,806,80,,,,,,,,,,,,,,,,,,,,,,
7000062401,226,, TARGET INDUSTRIAL CIR ,,,BANGOR,ME,4401,4405,,1,2,8,806,806,80,,,,,,,,,,,,,,,,,,,,,,
7000067488,226,, CORPORATE DR ,,,BANGOR,ME,4401,4405,,1,2,8,806,806,80,,,,,,,,,,,,,,,,,,,,,,
7000067488,226,, CORPORATE DR ,,,BANGOR,ME,4401,4405,,1,2,8,806,806,80,,,,,,,,,,,,,,,,,,,,,,
7000062345,19,,NE NORTHEAST DR ,,,BANGOR,ME,4401,4405,,1,2,8,806,806,80,,,,,,,,,,,,,,,,,,,,,,
7000062345,19,,NE NORTHEAST DR ,,,BANGOR,ME,4401,4405,,1,2,8,806,806,80,,,,,,,,,,,,,,,,,,,,,,
7000063999,19,, ROYAL RD ,,,BANGOR,ME,4401,4405,,1,1,8,806,806,80,,,,,,,,,,,,,,,,,,,,,,
7000063999,19,, ROYAL RD ,,,BANGOR,ME,4401,4405,,1,1,8,806,806,80,,,,,,,,,,,,,,,,,,,,,,
7000062967,315,, ROYAL RD ,,,BANGOR,ME,4401,4405,,1,1,8,806,806,80,,,,,,,,,,,,,,,,,,,,,,
7000062967,315,, ROYAL RD ,,,BANGOR,ME,4401,4405,,1,1,8,806,806,80,,,,,,,,,,,,,,,,,,,,,,
7000063102,315,, ODLIN RD ,,,BANGOR,ME,4401,4405,,1,2,8,806,806,80,,,,,,,,,,,,,,,,,,,,,,
7000063102,315,, ODLIN RD ,,,BANGOR,ME,4401,4405,,1,2,8,806,806,80,,,,,,,,,,,,,,,,,,,,,,
7000064035,62,, NORWAY RD ,,,BANGOR,ME,4401,4405,,1,1,8,806,806,80,,,,,,,,,,,,,,,,,,,,,,
7000064035,62,, NORWAY RD ,,,BANGOR,ME,4401,4405,,1,1,8,806,806,80,,,,,,,,,,,,,,,,,,,,,,
7000064041,62,, NORWAY RD ,,,BANGOR,ME,4401,4405,,1,1,8,806,806,80,,,,,,,,,,,,,,,,,,,,,,
7000064041,62,, NORWAY RD ,,,BANGOR,ME,4401,4405,,1,1,8,806,806,80,,,,,,,,,,,,,,,,,,,,,,
7000062800,38,, TARGET INDUSTRIAL CIR ,,,BANGOR,ME,4401,4405,,1,2,8,806,806,80,,,,,,,,,,,,,,,,,,,,,,
7000062800,38,, TARGET INDUSTRIAL CIR ,,,BANGOR,ME,4401,4405,,1,2,8,806,806,80,,,,,,,,,,,,,,,,,,,,,,
7000064047,38,, NORWAY RD ,,,BANGOR,ME,4401,4405,,1,1,8,806,806,80,,,,,,,,,,,,,,,,,,,,,,
7000064047,38,, NORWAY RD ,,,BANGOR,ME,4401,4405,,1,1,8,806,806,80,,,,,,,,,,,,,,,,,,,,,,
7000064071,551,, NORWAY RD ,,,BANGOR,ME,4401,4405,,1,1,8,806,806,80,,,,,,,,,,,,,,,,,,,,,,
7000064071,551,, NORWAY RD ,,,BANGOR,ME,4401,4405,,1,1,8,806,806,80,,,,,,,,,,,,,,,,,,,,,,
7000064053,551,, NORWAY RD ,,,BANGOR,ME,4401,4405,,1,1,8,806,806,80,,,,,,,,,,,,,,,,,,,,,,
7000064053,551,, NORWAY RD ,,,BANGOR,ME,4401,4405,,1,1,8,806,806,80,,,,,,,,,,,,,,,,,,,,,,
7000064065,127,, NORWAY RD ,,,BANGOR,ME,4401,4405,,1,1,8,806,806,80,,,,,,,,,,,,,,,,,,,,,,
7000064065,127,, NORWAY RD ,,,BANGOR,ME,4401,4405,,1,1,8,806,806,80,,,,,,,,,,,,,,,,,,,,,,
7000064083,127,, NORWAY RD ,,,BANGOR,ME,4401,4405,,1,1,8,806,806,80,,,,,,,,,,,,,,,,,,,,,,
7000064083,127,, NORWAY RD ,,,BANGOR,ME,4401,4405,,1,1,8,806,806,80,,,,,,,,,,,,,,,,,,,,,,
7000064077,511,, NORWAY RD ,,,BANGOR,ME,4401,4405,,1,1,8,806,806,80,,,,,,,,,,,,,,,,,,,,,,
7000064077,511,, NORWAY RD ,,,BANGOR,ME,4401,4405,,1,1,8,806,806,80,,,,,,,,,,,,,,,,,,,,,,
7000064733,511,, BOUTELLE RD ,,,BANGOR,ME,4401,4405,,1,1,8,806,806,80,,,,,,,,,,,,,,,,,,,,,,
7000064733,511,, BOUTELLE RD ,,,BANGOR,ME,4401,4405,,1,1,8,806,806,80,,,,,,,,,,,,,,,,,,,,,,
7000064089,39,, NORWAY RD ,,,BANGOR,ME,4401,4405,,1,1,8,806,806,80,,,,,,,,,,,,,,,,,,,,,,
7000064089,39,, NORWAY RD ,,,BANGOR,ME,4401,4405,,1,1,8,806,806,80,,,,,,,,,,,,,,,,,,,,,,
7000064095,39,, NORWAY RD ,,,BANGOR,ME,4401,4405,,1,1,8,806,806,80,,,,,,,,,,,,,,,,,,,,,,
7000064095,39,, NORWAY RD ,,,BANGOR,ME,4401,4405,,1,1,8,806,806,80,,,,,,,,,,,,,,,,,,,,,,
7000064107,19,, NORWAY RD ,,,BANGOR,ME,4401,4405,,1,1,8,806,806,80,,,,,,,,,,,,,,,,,,,,,,
7000064107,19,, NORWAY RD ,,,BANGOR,ME,4401,4405,,1,1,8,806,806,80,,,,,,,,,,,,,,,,,,,,,,
7000064113,19,, NORWAY RD ,,,BANGOR,ME,4401,4405,,1,1,8,806,806,80,,,,,,,,,,,,,,,,,,,,,,
7000064113,19,, NORWAY RD ,,,BANGOR,ME,4401,4405,,1,1,8,806,806,80,,,,,,,,,,,,,,,,,,,,,,
7000064119,16,, NORWAY RD ,,,BANGOR,ME,4401,4405,,1,1,8,806,806,80,,,,,,,,,,,,,,,,,,,,,,
7000064119,16,, NORWAY RD ,,,BANGOR,ME,4401,4405,,1,1,8,806,806,80,,,,,,,,,,,,,,,,,,,,,,
7000064125,16,, NORWAY RD ,,,BANGOR,ME,4401,4405,,1,1,8,806,806,80,,,,,,,,,,,,,,,,,,,,,,
7000064125,16,, NORWAY RD ,,,BANGOR,ME,4401,4405,,1,1,8,806,806,80,,,,,,,,,,,,,,,,,,,,,,
7000067512,7,, LIBERTY DR ,,,HERMON,ME,4401,4405,,1,2,8,806,806,80,,,,,,,,,,,,,,,,,,,,,,
7000067512,7,, LIBERTY DR ,,,HERMON,ME,4401,4405,,1,2,8,806,806,80,,,,,,,,,,,,,,,,,,,,,,
7000064131,7,, NORWAY RD ,,,BANGOR,ME,4401,4405,,1,1,8,806,806,80,,,,,,,,,,,,,,,,,,,,,,
7000064131,7,, NORWAY RD ,,,BANGOR,ME,4401,4405,,1,1,8,806,806,80,,,,,,,,,,,,,,,,,,,,,,
7000067578,445,, FREEDOM PARK PARK ,,,HERMON,ME,4401,4405,,1,2,8,806,806,80,,,,,,,,,,,,,,,,,,,,,,
7000067578,445,, FREEDOM PARK PARK ,,,HERMON,ME,4401,4405,,1,2,8,806,806,80,,,,,,,,,,,,,,,,,,,,,,
7000065971,445,, PIER ST ,,,BANGOR,ME,4401,4405,,1,1,8,806,806,80,,,,,,,,,,,,,,,,,,,,,,
7000065971,445,, PIER ST ,,,BANGOR,ME,4401,4405,,1,1,8,806,806,80,,,,,,,,,,,,,,,,,,,,,,
7000065977,134,, PIER ST ,,,BANGOR,ME,4401,4405,,1,1,8,806,806,80,,,,,,,,,,,,,,,,,,,,,,
7000065977,134,, PIER ST ,,,BANGOR,ME,4401,4405,,1,1,8,806,806,80,,,,,,,,,,,,,,,,,,,,,,
7000067212,134,, PIER ST ,,,BANGOR,ME,4401,4405,,1,1,8,806,806,80,,,,,,,,,,,,,,,,,,,,,,
7000067212,134,, PIER ST ,,,BANGOR,ME,4401,4405,,1,1,8,806,806,80,,,,,,,,,,,,,,,,,,,,,,
7000064137,248,,W BROADWAY  ,,,BANGOR,ME,4401,4405,,1,1,8,806,806,80,,,,,,,,,,,,,,,,,,,,,,
7000064137,248,,W BROADWAY  ,,,BANGOR,ME,4401,4405,,1,1,8,806,806,80,,,,,,,,,,,,,,,,,,,,,,
7000063648,248,, BOUTELLE RD ,,,BANGOR,ME,4401,4405,,1,1,8,806,806,80,,,,,,,,,,,,,,,,,,,,,,
7000063648,248,, BOUTELLE RD ,,,BANGOR,ME,4401,4405,,1,1,8,806,806,80,,,,,,,,,,,,,,,,,,,,,,
7000063441,46,, TARGET INDUSTRIAL CIR ,,,BANGOR,ME,4401,4405,,1,2,8,806,806,80,,,,,,,,,,,,,,,,,,,,,,
7000063441,46,, TARGET INDUSTRIAL CIR ,,,BANGOR,ME,4401,4405,,1,2,8,806,806,80,,,,,,,,,,,,,,,,,,,,,,
7000067656,46,, CONCORD DR ,,,HERMON,ME,4401,4405,,1,2,8,806,806,80,,,,,,,,,,,,,,,,,,,,,,
7000067656,46,, CONCORD DR ,,,HERMON,ME,4401,4405,,1,2,8,806,806,80,,,,,,,,,,,,,,,,,,,,,,
7000062144,270,,W BROADWAY  ,,,BANGOR,ME,4401,4405,,1,1,8,806,806,80,,,,,,,,,,,,,,,,,,,,,,
7000062144,270,,W BROADWAY  ,,,BANGOR,ME,4401,4405,,1,1,8,806,806,80,,,,,,,,,,,,,,,,,,,,,,
7000063666,270,,W BROADWAY  ,,,BANGOR,ME,4401,4405,,1,1,8,806,806,80,,,,,,,,,,,,,,,,,,,,,,
7000063666,270,,W BROADWAY  ,,,BANGOR,ME,4401,4405,,1,1,8,806,806,80,,,,,,,,,,,,,,,,,,,,,,
7000067001,22,,W BROADWAY  ,,,BANGOR,ME,4401,4405,,1,1,8,806,806,80,,,,,,,,,,,,,,,,,,,,,,
7000067001,22,,W BROADWAY  ,,,BANGOR,ME,4401,4405,,1,1,8,806,806,80,,,,,,,,,,,,,,,,,,,,,,
7000064287,22,, BOUTELLE RD ,,,BANGOR,ME,4401,4405,,1,1,8,806,806,80,,,,,,,,,,,,,,,,,,,,,,
7000064287,22,, BOUTELLE RD ,,,BANGOR,ME,4401,4405,,1,1,8,806,806,80,,,,,,,,,,,,,,,,,,,,,,
7000064359,30,, BOUTELLE RD ,,,BANGOR,ME,4401,4405,,1,1,8,806,806,80,,,,,,,,,,,,,,,,,,,,,,
7000064359,30,, BOUTELLE RD ,,,BANGOR,ME,4401,4405,,1,1,8,806,806,80,,,,,,,,,,,,,,,,,,,,,,
7000062346,30,,W BROADWAY  ,,,BANGOR,ME,4401,4405,,1,1,8,806,806,80,,,,,,,,,,,,,,,,,,,,,,
7000062346,30,,W BROADWAY  ,,,BANGOR,ME,4401,4405,,1,1,8,806,806,80,,,,,,,,,,,,,,,,,,,,,,
7000064724,646,, BOUTELLE RD ,,,BANGOR,ME,4401,4405,,1,1,8,806,806,80,,,,,,,,,,,,,,,,,,,,,,
7000064724,646,, BOUTELLE RD ,,,BANGOR,ME,4401,4405,,1,1,8,806,806,80,,,,,,,,,,,,,,,,,,,,,,
7000064269,646,, BOUTELLE RD ,,,BANGOR,ME,4401,4405,,1,1,8,806,806,80,,,,,,,,,,,,,,,,,,,,,,
7000064269,646,, BOUTELLE RD ,,,BANGOR,ME,4401,4405,,1,1,8,806,806,80,,,,,,,,,,,,,,,,,,,,,,
7000064275,41,, BOUTELLE RD ,,,BANGOR,ME,4401,4405,,1,1,8,806,806,80,,,,,,,,,,,,,,,,,,,,,,
7000064275,41,, BOUTELLE RD ,,,BANGOR,ME,4401,4405,,1,1,8,806,806,80,,,,,,,,,,,,,,,,,,,,,,
7000064281,41,, BOUTELLE RD ,,,BANGOR,ME,4401,4405,,1,1,8,806,806,80,,,,,,,,,,,,,,,,,,,,,,
7000064281,41,, BOUTELLE RD ,,,BANGOR,ME,4401,4405,,1,1,8,806,806,80,,,,,,,,,,,,,,,,,,,,,,
7000064293,23,, BOUTELLE RD ,,,BANGOR,ME,4401,4405,,1,1,8,806,806,80,,,,,,,,,,,,,,,,,,,,,,
7000064293,23,, BOUTELLE RD ,,,BANGOR,ME,4401,4405,,1,1,8,806,806,80,,,,,,,,,,,,,,,,,,,,,,
7000064299,23,, BOUTELLE RD ,,,BANGOR,ME,4401,4405,,1,1,8,806,806,80,,,,,,,,,,,,,,,,,,,,,,
7000064299,23,, BOUTELLE RD ,,,BANGOR,ME,4401,4405,,1,1,8,806,806,80,,,,,,,,,,,,,,,,,,,,,,
7000064305,83,, BOUTELLE RD ,,,BANGOR,ME,4401,4405,,1,1,8,806,806,80,,,,,,,,,,,,,,,,,,,,,,
7000064305,83,, BOUTELLE RD ,,,BANGOR,ME,4401,4405,,1,1,8,806,806,80,,,,,,,,,,,,,,,,,,,,,,
7000062628,83,, FREEDOM PARK ,,,HERMON,ME,4401,4405,,1,2,8,806,806,80,,,,,,,,,,,,,,,,,,,,,,
7000062628,83,, FREEDOM PARK ,,,HERMON,ME,4401,4405,,1,2,8,806,806,80,,,,,,,,,,,,,,,,,,,,,,
7000064311,213,, BOUTELLE RD ,,,BANGOR,ME,4401,4405,,1,1,8,806,806,80,,,,,,,,,,,,,,,,,,,,,,
7000064311,213,, BOUTELLE RD ,,,BANGOR,ME,4401,4405,,1,1,8,806,806,80,,,,,,,,,,,,,,,,,,,,,,
7000064317,213,, BOUTELLE RD ,,,BANGOR,ME,4401,4405,,1,1,8,806,806,80,,,,,,,,,,,,,,,,,,,,,,
7000064317,213,, BOUTELLE RD ,,,BANGOR,ME,4401,4405,,1,1,8,806,806,80,,,,,,,,,,,,,,,,,,,,,,
7000067242,213,, PIER ST ,,,BANGOR,ME,4401,4405,,1,1,8,806,806,80,,,,,,,,,,,,,,,,,,,,,,
7000067242,213,, PIER ST ,,,BANGOR,ME,4401,4405,,1,1,8,806,806,80,,,,,,,,,,,,,,,,,,,,,,
7000064323,213,, BOUTELLE RD ,,,BANGOR,ME,4401,4405,,1,1,8,806,806,80,,,,,,,,,,,,,,,,,,,,,,
7000064323,213,, BOUTELLE RD ,,,BANGOR,ME,4401,4405,,1,1,8,806,806,80,,,,,,,,,,,,,,,,,,,,,,
7000064329,213,, BOUTELLE RD ,,,BANGOR,ME,4401,4405,,1,1,8,806,806,80,,,,,,,,,,,,,,,,,,,,,,
7000064329,213,, BOUTELLE RD ,,,BANGOR,ME,4401,4405,,1,1,8,806,806,80,,,,,,,,,,,,,,,,,,,,,,
7000063178,213,, TARGET INDUSTRIAL CIR ,,,BANGOR,ME,4401,4405,,1,2,8,806,806,80,,,,,,,,,,,,,,,,,,,,,,
7000063178,213,, TARGET INDUSTRIAL CIR ,,,BANGOR,ME,4401,4405,,1,2,8,806,806,80,,,,,,,,,,,,,,,,,,,,,,
7000064335,384,, BOUTELLE RD ,,,BANGOR,ME,4401,4405,,1,1,8,806,806,80,,,,,,,,,,,,,,,,,,,,,,
7000064335,384,, BOUTELLE RD ,,,BANGOR,ME,4401,4405,,1,1,8,806,806,80,,,,,,,,,,,,,,,,,,,,,,
7000064341,384,, BOUTELLE RD ,,,BANGOR,ME,4401,4405,,1,1,8,806,806,80,,,,,,,,,,,,,,,,,,,,,,
7000064341,384,, BOUTELLE RD ,,,BANGOR,ME,4401,4405,,1,1,8,806,806,80,,,,,,,,,,,,,,,,,,,,,,
7000062101,398,, DOWD RD ,UNIT 1,,BANGOR,ME,4401,4405,,1,2,8,806,806,80,,,,,,,,,,,,,,,,,,,,,,
7000062101,398,, DOWD RD ,UNIT 1,,BANGOR,ME,4401,4405,,1,2,8,806,806,80,,,,,,,,,,,,,,,,,,,,,,
7000062822,398,, DOWD RD ,nan,,BANGOR,ME,4401,4405,,1,2,8,806,806,80,,,,,,,,,,,,,,,,,,,,,,
7000062822,398,, DOWD RD ,nan,,BANGOR,ME,4401,4405,,1,2,8,806,806,80,,,,,,,,,,,,,,,,,,,,,,
7000062122,28,, DOWD RD ,,,BANGOR,ME,4401,4405,,1,2,8,806,806,80,,,,,,,,,,,,,,,,,,,,,,
7000062122,28,, DOWD RD ,,,BANGOR,ME,4401,4405,,1,2,8,806,806,80,,,,,,,,,,,,,,,,,,,,,,
7000066586,28,, HAMMOND ST ,,,BANGOR,ME,4401,4405,,1,2,8,806,806,80,,,,,,,,,,,,,,,,,,,,,,
7000066586,28,, HAMMOND ST ,,,BANGOR,ME,4401,4405,,1,2,8,806,806,80,,,,,,,,,,,,,,,,,,,,,,
7000062388,8,, DOWD ST ,,,BANGOR,ME,4401,4405,,1,2,8,806,806,80,,,,,,,,,,,,,,,,,,,,,,
7000062388,8,, DOWD ST ,,,BANGOR,ME,4401,4405,,1,2,8,806,806,80,,,,,,,,,,,,,,,,,,,,,,
7000062108,8,, DOWD RD ,UNIT 2,,BANGOR,ME,4401,4405,,1,2,8,806,806,80,,,,,,,,,,,,,,,,,,,,,,
7000062108,8,, DOWD RD ,UNIT 2,,BANGOR,ME,4401,4405,,1,2,8,806,806,80,,,,,,,,,,,,,,,,,,,,,,
7000062094,14,, DOWD RD ,,,BANGOR,ME,4401,4405,,1,2,8,806,806,80,,,,,,,,,,,,,,,,,,,,,,
7000062094,14,, DOWD RD ,,,BANGOR,ME,4401,4405,,1,2,8,806,806,80,,,,,,,,,,,,,,,,,,,,,,
7000063852,14,, DOWD RD ,MSA 1,,BANGOR,ME,4401,4405,,1,2,8,806,806,80,,,,,,,,,,,,,,,,,,,,,,
7000063852,14,, DOWD RD ,MSA 1,,BANGOR,ME,4401,4405,,1,2,8,806,806,80,,,,,,,,,,,,,,,,,,,,,,
7000063858,299,, DOWD RD ,MSA 2,,BANGOR,ME,4401,4405,,1,2,8,806,806,80,,,,,,,,,,,,,,,,,,,,,,
7000063858,299,, DOWD RD ,MSA 2,,BANGOR,ME,4401,4405,,1,2,8,806,806,80,,,,,,,,,,,,,,,,,,,,,,
7000064520,299,, ODLIN RD ,nan,,BANGOR,ME,4401,4405,,1,1,8,806,806,80,,,,,,,,,,,,,,,,,,,,,,
7000064520,299,, ODLIN RD ,nan,,BANGOR,ME,4401,4405,,1,1,8,806,806,80,,,,,,,,,,,,,,,,,,,,,,
7000063864,310,, DOWD RD ,MSA 3,,BANGOR,ME,4401,4405,,1,2,8,806,806,80,,,,,,,,,,,,,,,,,,,,,,
7000063864,310,, DOWD RD ,MSA 3,,BANGOR,ME,4401,4405,,1,2,8,806,806,80,,,,,,,,,,,,,,,,,,,,,,
7000064514,310,, ODLIN RD ,nan,,BANGOR,ME,4401,4405,,1,2,8,806,806,80,,,,,,,,,,,,,,,,,,,,,,
7000064514,310,, ODLIN RD ,nan,,BANGOR,ME,4401,4405,,1,2,8,806,806,80,,,,,,,,,,,,,,,,,,,,,,
7000063870,37,, DOWD RD ,MSA 4,,BANGOR,ME,4401,4405,,1,2,8,806,806,80,,,,,,,,,,,,,,,,,,,,,,
7000063870,37,, DOWD RD ,MSA 4,,BANGOR,ME,4401,4405,,1,2,8,806,806,80,,,,,,,,,,,,,,,,,,,,,,
7000064988,37,, ODLIN RD ,nan,,BANGOR,ME,4401,4405,,1,2,8,806,806,80,,,,,,,,,,,,,,,,,,,,,,
7000064988,37,, ODLIN RD ,nan,,BANGOR,ME,4401,4405,,1,2,8,806,806,80,,,,,,,,,,,,,,,,,,,,,,
7000063876,12,, DOWD RD ,MSA 5,,BANGOR,ME,4401,4405,,1,2,8,806,806,80,,,,,,,,,,,,,,,,,,,,,,
7000063876,12,, DOWD RD ,MSA 5,,BANGOR,ME,4401,4405,,1,2,8,806,806,80,,,,,,,,,,,,,,,,,,,,,,
7000064526,12,, ODLIN RD ,nan,,BANGOR,ME,4401,4405,,1,2,8,806,806,80,,,,,,,,,,,,,,,,,,,,,,
7000064526,12,, ODLIN RD ,nan,,BANGOR,ME,4401,4405,,1,2,8,806,806,80,,,,,,,,,,,,,,,,,,,,,,
7000064532,17,, ODLIN RD ,nan,,BANGOR,ME,4401,4405,,1,2,8,806,806,80,,,,,,,,,,,,,,,,,,,,,,
7000064532,17,, ODLIN RD ,nan,,BANGOR,ME,4401,4405,,1,2,8,806,806,80,,,,,,,,,,,,,,,,,,,,,,
7000064314,17,, HAMMOND ST ,nan,,BANGOR,ME,4401,4405,,1,2,8,806,806,80,,,,,,,,,,,,,,,,,,,,,,
7000064314,17,, HAMMOND ST ,nan,,BANGOR,ME,4401,4405,,1,2,8,806,806,80,,,,,,,,,,,,,,,,,,,,,,
7000064199,69,, BOUTELLE RD ,nan,,BANGOR,ME,4401,4405,,1,1,8,806,806,80,,,,,,,,,,,,,,,,,,,,,,
7000064199,69,, BOUTELLE RD ,nan,,BANGOR,ME,4401,4405,,1,1,8,806,806,80,,,,,,,,,,,,,,,,,,,,,,
7000064709,69,,W BROADWAY  ,,,BANGOR,ME,4401,4405,,1,1,8,806,806,80,,,,,,,,,,,,,,,,,,,,,,
7000064709,69,,W BROADWAY  ,,,BANGOR,ME,4401,4405,,1,1,8,806,806,80,,,,,,,,,,,,,,,,,,,,,,
7000063626,46,, HAMMOND ST ,,,BANGOR,ME,4401,4405,,1,2,8,806,806,80,,,,,,,,,,,,,,,,,,,,,,
7000063626,46,, HAMMOND ST ,,,BANGOR,ME,4401,4405,,1,2,8,806,806,80,,,,,,,,,,,,,,,,,,,,,,
7000065377,46,, FREEDOM PARK , MAS 2,,HERMON,ME,4401,4405,,1,2,8,806,806,80,,,,,,,,,,,,,,,,,,,,,,
7000065377,46,, FREEDOM PARK , MAS 2,,HERMON,ME,4401,4405,,1,2,8,806,806,80,,,,,,,,,,,,,,,,,,,,,,
7000065371,9,, FREEDOM PARK , MSA 1,,HERMON,ME,4401,4405,,1,2,8,806,806,80,,,,,,,,,,,,,,,,,,,,,,
7000065371,9,, FREEDOM PARK , MSA 1,,HERMON,ME,4401,4405,,1,2,8,806,806,80,,,,,,,,,,,,,,,,,,,,,,
7000065383,9,, FREEDOM PARK ,,,HERMON,ME,4401,4405,,1,2,8,806,806,80,,,,,,,,,,,,,,,,,,,,,,
7000065383,9,, FREEDOM PARK ,,,HERMON,ME,4401,4405,,1,2,8,806,806,80,,,,,,,,,,,,,,,,,,,,,,
7000065587,43,, FREEDOM PARK ,,,HERMON,ME,4401,4405,,1,2,8,806,806,80,,,,,,,,,,,,,,,,,,,,,,
7000065587,43,, FREEDOM PARK ,,,HERMON,ME,4401,4405,,1,2,8,806,806,80,,,,,,,,,,,,,,,,,,,,,,
7000062680,43,, HILDRETH ST ,,,BANGOR,ME,4401,4405,,1,2,8,806,806,80,,,,,,,,,,,,,,,,,,,,,,
7000062680,43,, HILDRETH ST ,,,BANGOR,ME,4401,4405,,1,2,8,806,806,80,,,,,,,,,,,,,,,,,,,,,,
7000062403,32,, ODLIN RD ,,,BANGOR,ME,4401,4405,,1,2,8,806,806,80,,,,,,,,,,,,,,,,,,,,,,
7000062403,32,, ODLIN RD ,,,BANGOR,ME,4401,4405,,1,2,8,806,806,80,,,,,,,,,,,,,,,,,,,,,,
7000063200,32,,W BROADWAY  ,,,BANGOR,ME,4401,4405,,1,1,8,806,806,80,,,,,,,,,,,,,,,,,,,,,,
7000063200,32,,W BROADWAY  ,,,BANGOR,ME,4401,4405,,1,1,8,806,806,80,,,,,,,,,,,,,,,,,,,,,,
7000063564,16,, HAMMOND ST ,,,BANGOR,ME,4401,4405,,1,2,8,806,806,80,,,,,,,,,,,,,,,,,,,,,,
7000063564,16,, HAMMOND ST ,,,BANGOR,ME,4401,4405,,1,2,8,806,806,80,,,,,,,,,,,,,,,,,,,,,,
7000066269,16,, PERRY RD ,,,BANGOR,ME,4401,4405,,1,2,8,806,806,80,,,,,,,,,,,,,,,,,,,,,,
7000066269,16,, PERRY RD ,,,BANGOR,ME,4401,4405,,1,2,8,806,806,80,,,,,,,,,,,,,,,,,,,,,,
7000063718,18,, HAMMOND ST ,,,BANGOR,ME,4401,4405,,1,2,8,806,806,80,,,,,,,,,,,,,,,,,,,,,,
7000063718,18,, HAMMOND ST ,,,BANGOR,ME,4401,4405,,1,2,8,806,806,80,,,,,,,,,,,,,,,,,,,,,,
7000063860,18,, MILK ST ,,,BANGOR,ME,4401,4405,,1,2,8,806,806,80,,,,,,,,,,,,,,,,,,,,,,
7000063860,18,, MILK ST ,,,BANGOR,ME,4401,4405,,1,2,8,806,806,80,,,,,,,,,,,,,,,,,,,,,,
7000063872,700,, HILDRETH ST ,GARAGE,,BANGOR,ME,4401,4405,,1,2,8,806,806,80,,,,,,,,,,,,,,,,,,,,,,
7000063872,700,, HILDRETH ST ,GARAGE,,BANGOR,ME,4401,4405,,1,2,8,806,806,80,,,,,,,,,,,,,,,,,,,,,,
7000063374,700,, HILDRETH ST ,,,BANGOR,ME,4401,4405,,1,2,8,806,806,80,,,,,,,,,,,,,,,,,,,,,,
7000063374,700,, HILDRETH ST ,,,BANGOR,ME,4401,4405,,1,2,8,806,806,80,,,,,,,,,,,,,,,,,,,,,,
7000063854,20,, BENNETT ST ,,,BANGOR,ME,4401,4405,,1,2,8,806,806,80,,,,,,,,,,,,,,,,,,,,,,
7000063380,20,, HILDRETH ST ,,,BANGOR,ME,4401,4405,,1,2,8,806,806,80,,,,,,,,,,,,,,,,,,,,,,
7000063380,20,, HILDRETH ST ,,,BANGOR,ME,4401,4405,,1,2,8,806,806,80,,,,,,,,,,,,,,,,,,,,,,
7000064298,26,, COFFEY ST ,,,BANGOR,ME,4401,4405,,1,2,8,806,806,80,,,,,,,,,,,,,,,,,,,,,,
7000064298,26,, COFFEY ST ,,,BANGOR,ME,4401,4405,,1,2,8,806,806,80,,,,,,,,,,,,,,,,,,,,,,
7000064304,26,, COFFEY ST ,MSA 2,,BANGOR,ME,4401,4405,,1,2,8,806,806,80,,,,,,,,,,,,,,,,,,,,,,
7000064304,26,, COFFEY ST ,MSA 2,,BANGOR,ME,4401,4405,,1,2,8,806,806,80,,,,,,,,,,,,,,,,,,,,,,
7000063688,23,, HAMMOND ST ,,,BANGOR,ME,4401,4405,,1,2,8,806,806,80,,,,,,,,,,,,,,,,,,,,,,
7000063688,23,, HAMMOND ST ,,,BANGOR,ME,4401,4405,,1,2,8,806,806,80,,,,,,,,,,,,,,,,,,,,,,
7000064461,23,, BENNETT ST ,,,BANGOR,ME,4401,4405,,1,2,8,806,806,80,,,,,,,,,,,,,,,,,,,,,,
7000064461,23,, BENNETT ST ,,,BANGOR,ME,4401,4405,,1,2,8,806,806,80,,,,,,,,,,,,,,,,,,,,,,
7000064238,23,, ODLIN RD ,,,BANGOR,ME,4401,4405,,1,2,8,806,806,80,,,,,,,,,,,,,,,,,,,,,,
7000064238,23,, ODLIN RD ,,,BANGOR,ME,4401,4405,,1,2,8,806,806,80,,,,,,,,,,,,,,,,,,,,,,
7000067325,23,, DOWD RD ,MSA 1,,BANGOR,ME,4401,4405,,1,2,8,806,806,80,,,,,,,,,,,,,,,,,,,,,,
7000067325,23,, DOWD RD ,MSA 1,,BANGOR,ME,4401,4405,,1,2,8,806,806,80,,,,,,,,,,,,,,,,,,,,,,
7000063461,40,, ROYAL RD ,,,BANGOR,ME,4401,4405,,1,1,8,806,806,80,,,,,,,,,,,,,,,,,,,,,,
7000063461,40,, ROYAL RD ,,,BANGOR,ME,4401,4405,,1,1,8,806,806,80,,,,,,,,,,,,,,,,,,,,,,
7000064226,40,, ODLIN RD ,,,BANGOR,ME,4401,4405,,1,2,8,806,806,80,,,,,,,,,,,,,,,,,,,,,,
7000064226,40,, ODLIN RD ,,,BANGOR,ME,4401,4405,,1,2,8,806,806,80,,,,,,,,,,,,,,,,,,,,,,
7000064232,56,, ODLIN RD ,,,BANGOR,ME,4401,4405,,1,2,8,806,806,80,,,,,,,,,,,,,,,,,,,,,,
7000064232,56,, ODLIN RD ,,,BANGOR,ME,4401,4405,,1,2,8,806,806,80,,,,,,,,,,,,,,,,,,,,,,
7000063936,56,, TARGET CIR ,MSA 1,,BANGOR,ME,4401,4405,,1,2,8,806,806,80,,,,,,,,,,,,,,,,,,,,,,
7000063936,56,, TARGET CIR ,MSA 1,,BANGOR,ME,4401,4405,,1,2,8,806,806,80,,,,,,,,,,,,,,,,,,,,,,
7000063942,786,, TARGET INDUSTRIAL CIR ,nan,,BANGOR,ME,4401,4405,,1,2,8,806,806,80,,,,,,,,,,,,,,,,,,,,,,
7000063942,786,, TARGET INDUSTRIAL CIR ,nan,,BANGOR,ME,4401,4405,,1,2,8,806,806,80,,,,,,,,,,,,,,,,,,,,,,
7000064347,786,, BOUTELLE RD ,nan,,BANGOR,ME,4401,4405,,1,1,8,806,806,80,,,,,,,,,,,,,,,,,,,,,,
7000064347,786,, BOUTELLE RD ,nan,,BANGOR,ME,4401,4405,,1,1,8,806,806,80,,,,,,,,,,,,,,,,,,,,,,
7000067331,788,, DOWD RD ,MSA 2,,BANGOR,ME,4401,4405,,1,2,8,806,806,80,,,,,,,,,,,,,,,,,,,,,,
7000067331,788,, DOWD RD ,MSA 2,,BANGOR,ME,4401,4405,,1,2,8,806,806,80,,,,,,,,,,,,,,,,,,,,,,
7000066433,788,, PIER ST ,,,BANGOR,ME,4401,4405,,1,1,8,806,806,80,,,,,,,,,,,,,,,,,,,,,,
7000066433,788,, PIER ST ,,,BANGOR,ME,4401,4405,,1,1,8,806,806,80,,,,,,,,,,,,,,,,,,,,,,
7000064316,222,, HAMMOND ST ,COURT 1,,BANGOR,ME,4402,4406,,1,2,8,806,806,80,,,,,,,,,,,,,,,,,,,,,,
7000064316,222,, HAMMOND ST ,COURT 1,,BANGOR,ME,4402,4406,,1,2,8,806,806,80,,,,,,,,,,,,,,,,,,,,,,
7000064322,222,, HAMMOND ST ,COURT 2,,BANGOR,ME,4401,4405,,1,2,8,806,806,80,,,,,,,,,,,,,,,,,,,,,,
7000064322,222,, HAMMOND ST ,COURT 2,,BANGOR,ME,4401,4405,,1,2,8,806,806,80,,,,,,,,,,,,,,,,,,,,,,
7000064328,238,, HAMMOND ST ,COURT 3,,BANGOR,ME,4401,4405,,1,2,8,806,806,80,,,,,,,,,,,,,,,,,,,,,,
7000064328,238,, HAMMOND ST ,COURT 3,,BANGOR,ME,4401,4405,,1,2,8,806,806,80,,,,,,,,,,,,,,,,,,,,,,
7000061516,238,, HAMMOND ST ,,,BANGOR,ME,4401,4405,,1,2,8,806,806,80,,,,,,,,,,,,,,,,,,,,,,
7000061516,238,, HAMMOND ST ,,,BANGOR,ME,4401,4405,,1,2,8,806,806,80,,,,,,,,,,,,,,,,,,,,,,
7000064078,5,, INDIANA AVE ,,,BANGOR,ME,4401,4405,,1,2,8,806,806,80,,,,,,,,,,,,,,,,,,,,,,
7000064078,5,, INDIANA AVE ,,,BANGOR,ME,4401,4405,,1,2,8,806,806,80,,,,,,,,,,,,,,,,,,,,,,
7000066547,5,, DOWD RD ,,,BANGOR,ME,4401,4405,,1,2,8,806,806,80,,,,,,,,,,,,,,,,,,,,,,
7000066547,5,, DOWD RD ,,,BANGOR,ME,4401,4405,,1,2,8,806,806,80,,,,,,,,,,,,,,,,,,,,,,
7000064358,175,, HAMMOND ST ,,,BANGOR,ME,4401,4405,,1,2,8,806,806,80,,,,,,,,,,,,,,,,,,,,,,
7000064358,175,, HAMMOND ST ,,,BANGOR,ME,4401,4405,,1,2,8,806,806,80,,,,,,,,,,,,,,,,,,,,,,
7000064072,175,, CORPORATE DR ,,,BANGOR,ME,4401,4405,,1,2,8,806,806,80,,,,,,,,,,,,,,,,,,,,,,
7000064072,175,, CORPORATE DR ,,,BANGOR,ME,4401,4405,,1,2,8,806,806,80,,,,,,,,,,,,,,,,,,,,,,
7000065642,22,, NORWAY RD ,,,BANGOR,ME,4401,4405,,1,1,8,806,806,80,,,,,,,,,,,,,,,,,,,,,,
7000065642,22,, NORWAY RD ,,,BANGOR,ME,4401,4405,,1,1,8,806,806,80,,,,,,,,,,,,,,,,,,,,,,
7000065648,22,, NORWAY RD ,,,BANGOR,ME,4401,4405,,1,1,8,806,806,80,,,,,,,,,,,,,,,,,,,,,,
7000065648,22,, NORWAY RD ,,,BANGOR,ME,4401,4405,,1,1,8,806,806,80,,,,,,,,,,,,,,,,,,,,,,
7000063926,74,, HAMMOND ST ,,,BANGOR,ME,4401,4405,,1,2,8,806,806,80,,,,,,,,,,,,,,,,,,,,,,
7000063926,74,, HAMMOND ST ,,,BANGOR,ME,4401,4405,,1,2,8,806,806,80,,,,,,,,,,,,,,,,,,,,,,
7000063920,74,, RICE ST ,,,BANGOR,ME,4401,4405,,1,2,8,806,806,80,,,,,,,,,,,,,,,,,,,,,,
7000063920,74,, RICE ST ,,,BANGOR,ME,4401,4405,,1,2,8,806,806,80,,,,,,,,,,,,,,,,,,,,,,
7000063065,5,, FAIRMOUNT PARK E,,,BANGOR,ME,4401,4405,,1,1,8,806,806,80,,,,,,,,,,,,,,,,,,,,,,
7000063065,5,, FAIRMOUNT PARK E,,,BANGOR,ME,4401,4405,,1,1,8,806,806,80,,,,,,,,,,,,,,,,,,,,,,
7000065156,5,, FAIRMOUNT PARK E,,,BANGOR,ME,4401,4405,,1,1,8,806,806,80,,,,,,,,,,,,,,,,,,,,,,
7000065156,5,, FAIRMOUNT PARK E,,,BANGOR,ME,4401,4405,,1,1,8,806,806,80,,,,,,,,,,,,,,,,,,,,,,
7000063079,13,, FAIRMOUNT PARK W,,,BANGOR,ME,4401,4405,,1,1,8,806,806,80,,,,,,,,,,,,,,,,,,,,,,
7000063079,13,, FAIRMOUNT PARK W,,,BANGOR,ME,4401,4405,,1,1,8,806,806,80,,,,,,,,,,,,,,,,,,,,,,
7000063765,13,, FAIRMOUNT PARK W,,,BANGOR,ME,4401,4405,,1,1,8,806,806,80,,,,,,,,,,,,,,,,,,,,,,
7000063765,13,, FAIRMOUNT PARK W,,,BANGOR,ME,4401,4405,,1,1,8,806,806,80,,,,,,,,,,,,,,,,,,,,,,
7000063058,13,, FAIRMOUNT PARK E,,,BANGOR,ME,4401,4405,,1,1,8,806,806,80,,,,,,,,,,,,,,,,,,,,,,
7000063058,13,, FAIRMOUNT PARK E,,,BANGOR,ME,4401,4405,,1,1,8,806,806,80,,,,,,,,,,,,,,,,,,,,,,
7000064210,13,, HAMMOND ST ,,,BANGOR,ME,4401,4405,,1,2,8,806,806,80,,,,,,,,,,,,,,,,,,,,,,
7000064210,13,, HAMMOND ST ,,,BANGOR,ME,4401,4405,,1,2,8,806,806,80,,,,,,,,,,,,,,,,,,,,,,
7000065192,13,, BOWDOIN ST ,,,BANGOR,ME,4401,4405,,1,1,8,806,806,80,,,,,,,,,,,,,,,,,,,,,,
7000065192,13,, BOWDOIN ST ,,,BANGOR,ME,4401,4405,,1,1,8,806,806,80,,,,,,,,,,,,,,,,,,,,,,
7000064976,13,,W BROADWAY  ,,,BANGOR,ME,4401,4405,,1,1,8,806,806,80,,,,,,,,,,,,,,,,,,,,,,
7000064976,13,,W BROADWAY  ,,,BANGOR,ME,4401,4405,,1,1,8,806,806,80,,,,,,,,,,,,,,,,,,,,,,
7000064644,5,, BOUTELLE RD ,,,BANGOR,ME,4401,4405,,1,1,8,806,806,80,,,,,,,,,,,,,,,,,,,,,,
7000064644,5,, BOUTELLE RD ,,,BANGOR,ME,4401,4405,,1,1,8,806,806,80,,,,,,,,,,,,,,,,,,,,,,
7000064958,5,,W BROADWAY  ,,,BANGOR,ME,4401,4405,,1,1,8,806,806,80,,,,,,,,,,,,,,,,,,,,,,
7000064958,5,,W BROADWAY  ,,,BANGOR,ME,4401,4405,,1,1,8,806,806,80,,,,,,,,,,,,,,,,,,,,,,
7000064880,57,,W BROADWAY  ,,,BANGOR,ME,4401,4405,,1,1,8,806,806,80,,,,,,,,,,,,,,,,,,,,,,
7000064880,57,,W BROADWAY  ,,,BANGOR,ME,4401,4405,,1,1,8,806,806,80,,,,,,,,,,,,,,,,,,,,,,
7000064862,57,,W BROADWAY  ,,,BANGOR,ME,4401,4405,,1,1,8,806,806,80,,,,,,,,,,,,,,,,,,,,,,
7000064862,57,,W BROADWAY  ,,,BANGOR,ME,4401,4405,,1,1,8,806,806,80,,,,,,,,,,,,,,,,,,,,,,
7000064856,53,,W BROADWAY  ,,,BANGOR,ME,4401,4405,,1,1,8,806,806,80,,,,,,,,,,,,,,,,,,,,,,
7000064856,53,,W BROADWAY  ,,,BANGOR,ME,4401,4405,,1,1,8,806,806,80,,,,,,,,,,,,,,,,,,,,,,
7000064850,53,,W BROADWAY  ,,,BANGOR,ME,4401,4405,,1,1,8,806,806,80,,,,,,,,,,,,,,,,,,,,,,
7000064850,53,,W BROADWAY  ,,,BANGOR,ME,4401,4405,,1,1,8,806,806,80,,,,,,,,,,,,,,,,,,,,,,
7000064868,8,,W BROADWAY  ,,,BANGOR,ME,4401,4405,,1,1,8,806,806,80,,,,,,,,,,,,,,,,,,,,,,
7000064868,8,,W BROADWAY  ,,,BANGOR,ME,4401,4405,,1,1,8,806,806,80,,,,,,,,,,,,,,,,,,,,,,
7000064886,8,,W BROADWAY  ,,,BANGOR,ME,4401,4405,,1,1,8,806,806,80,,,,,,,,,,,,,,,,,,,,,,
7000064886,8,,W BROADWAY  ,,,BANGOR,ME,4401,4405,,1,1,8,806,806,80,,,,,,,,,,,,,,,,,,,,,,
7000064904,66,,W BROADWAY  ,,,BANGOR,ME,4401,4405,,1,1,8,806,806,80,,,,,,,,,,,,,,,,,,,,,,
7000064904,66,,W BROADWAY  ,,,BANGOR,ME,4401,4405,,1,1,8,806,806,80,,,,,,,,,,,,,,,,,,,,,,
7000064874,66,,W BROADWAY  ,,,BANGOR,ME,4401,4405,,1,1,8,806,806,80,,,,,,,,,,,,,,,,,,,,,,
7000064874,66,,W BROADWAY  ,,,BANGOR,ME,4401,4405,,1,1,8,806,806,80,,,,,,,,,,,,,,,,,,,,,,
7000064910,640,,W BROADWAY  ,,,BANGOR,ME,4401,4405,,1,1,8,806,806,80,,,,,,,,,,,,,,,,,,,,,,
7000064910,640,,W BROADWAY  ,,,BANGOR,ME,4401,4405,,1,1,8,806,806,80,,,,,,,,,,,,,,,,,,,,,,
7000064928,640,,W BROADWAY  ,,,BANGOR,ME,4401,4405,,1,1,8,806,806,80,,,,,,,,,,,,,,,,,,,,,,
7000064928,640,,W BROADWAY  ,,,BANGOR,ME,4401,4405,,1,1,8,806,806,80,,,,,,,,,,,,,,,,,,,,,,
7000064916,411,,W BROADWAY  ,,,BANGOR,ME,4401,4405,,1,1,8,806,806,80,,,,,,,,,,,,,,,,,,,,,,
7000064916,411,,W BROADWAY  ,,,BANGOR,ME,4401,4405,,1,1,8,806,806,80,,,,,,,,,,,,,,,,,,,,,,
7000064922,411,,W BROADWAY  ,,,BANGOR,ME,4401,4405,,1,1,8,806,806,80,,,,,,,,,,,,,,,,,,,,,,
7000064922,411,,W BROADWAY  ,,,BANGOR,ME,4401,4405,,1,1,8,806,806,80,,,,,,,,,,,,,,,,,,,,,,
7000066476,411,, HILDRETH ST ,,,BANGOR,ME,4401,4405,,1,2,8,806,806,80,,,,,,,,,,,,,,,,,,,,,,
7000066476,411,, HILDRETH ST ,,,BANGOR,ME,4401,4405,,1,2,8,806,806,80,,,,,,,,,,,,,,,,,,,,,,
7000064934,411,,W BROADWAY  ,,,BANGOR,ME,4401,4405,,1,1,8,806,806,80,,,,,,,,,,,,,,,,,,,,,,
7000064934,411,,W BROADWAY  ,,,BANGOR,ME,4401,4405,,1,1,8,806,806,80,,,,,,,,,,,,,,,,,,,,,,
7000064940,411,,W BROADWAY  ,,,BANGOR,ME,4401,4405,,1,1,8,806,806,80,,,,,,,,,,,,,,,,,,,,,,
7000064940,411,,W BROADWAY  ,,,BANGOR,ME,4401,4405,,1,1,8,806,806,80,,,,,,,,,,,,,,,,,,,,,,
7000064946,411,,W BROADWAY  ,,,BANGOR,ME,4401,4405,,1,1,8,806,806,80,,,,,,,,,,,,,,,,,,,,,,
7000064946,411,,W BROADWAY  ,,,BANGOR,ME,4401,4405,,1,1,8,806,806,80,,,,,,,,,,,,,,,,,,,,,,
7000064932,411,, HILDRETH ST ,MSA 2,,BANGOR,ME,4401,4405,,1,2,8,806,806,80,,,,,,,,,,,,,,,,,,,,,,
7000064932,411,, HILDRETH ST ,MSA 2,,BANGOR,ME,4401,4405,,1,2,8,806,806,80,,,,,,,,,,,,,,,,,,,,,,
7000064952,411,,W BROADWAY  ,,,BANGOR,ME,4401,4405,,1,1,8,806,806,80,,,,,,,,,,,,,,,,,,,,,,
7000064952,411,,W BROADWAY  ,,,BANGOR,ME,4401,4405,,1,1,8,806,806,80,,,,,,,,,,,,,,,,,,,,,,
7000064970,411,,W BROADWAY  ,,,BANGOR,ME,4401,4405,,1,1,8,806,806,80,,,,,,,,,,,,,,,,,,,,,,
7000064970,411,,W BROADWAY  ,,,BANGOR,ME,4401,4405,,1,1,8,806,806,80,,,,,,,,,,,,,,,,,,,,,,
7000064964,411,,W BROADWAY  ,,,BANGOR,ME,4401,4405,,1,1,8,806,806,80,,,,,,,,,,,,,,,,,,,,,,
7000064964,411,,W BROADWAY  ,,,BANGOR,ME,4401,4405,,1,1,8,806,806,80,,,,,,,,,,,,,,,,,,,,,,
7000065162,411,,W BROADWAY  ,,,BANGOR,ME,4401,4405,,1,1,8,806,806,80,,,,,,,,,,,,,,,,,,,,,,
7000065162,411,,W BROADWAY  ,,,BANGOR,ME,4401,4405,,1,1,8,806,806,80,,,,,,,,,,,,,,,,,,,,,,
7000065180,411,,W BROADWAY  ,,,BANGOR,ME,4401,4405,,1,1,8,806,806,80,,,,,,,,,,,,,,,,,,,,,,
7000065180,411,,W BROADWAY  ,,,BANGOR,ME,4401,4405,,1,1,8,806,806,80,,,,,,,,,,,,,,,,,,,,,,
7000065174,411,,W BROADWAY  ,,,BANGOR,ME,4401,4405,,1,1,8,806,806,80,,,,,,,,,,,,,,,,,,,,,,
7000065174,411,,W BROADWAY  ,,,BANGOR,ME,4401,4405,,1,1,8,806,806,80,,,,,,,,,,,,,,,,,,,,,,
7000065675,411,, GRAHAM AVE N,,,BANGOR,ME,4401,4405,,1,1,8,806,806,80,,,,,,,,,,,,,,,,,,,,,,
7000065675,411,, GRAHAM AVE N,,,BANGOR,ME,4401,4405,,1,1,8,806,806,80,,,,,,,,,,,,,,,,,,,,,,
7000065374,411,, HAMMOND ST ,,,BANGOR,ME,4401,4405,,1,2,8,806,806,80,,,,,,,,,,,,,,,,,,,,,,
7000065374,411,, HAMMOND ST ,,,BANGOR,ME,4401,4405,,1,2,8,806,806,80,,,,,,,,,,,,,,,,,,,,,,
7000064522,411,, HAMMOND ST ,,,BANGOR,ME,4401,4405,,1,2,8,806,806,80,,,,,,,,,,,,,,,,,,,,,,
7000064522,411,, HAMMOND ST ,,,BANGOR,ME,4401,4405,,1,2,8,806,806,80,,,,,,,,,,,,,,,,,,,,,,
7000065456,411,, ROYAL RD ,,,BANGOR,ME,4401,4405,,1,1,8,806,806,80,,,,,,,,,,,,,,,,,,,,,,
7000065456,411,, ROYAL RD ,,,BANGOR,ME,4401,4405,,1,1,8,806,806,80,,,,,,,,,,,,,,,,,,,,,,
7000065462,411,, ROYAL RD ,,,BANGOR,ME,4401,4405,,1,1,8,806,806,80,,,,,,,,,,,,,,,,,,,,,,
7000065462,411,, ROYAL RD ,,,BANGOR,ME,4401,4405,,1,1,8,806,806,80,,,,,,,,,,,,,,,,,,,,,,
7000064672,173,, HAMMOND ST ,,,BANGOR,ME,4401,4405,,1,2,8,806,806,80,,,,,,,,,,,,,,,,,,,,,,
7000064672,173,, HAMMOND ST ,,,BANGOR,ME,4401,4405,,1,2,8,806,806,80,,,,,,,,,,,,,,,,,,,,,,
7000065562,173,, BOUTELLE RD ,,,BANGOR,ME,4401,4405,,1,1,8,806,806,80,,,,,,,,,,,,,,,,,,,,,,
7000065562,173,, BOUTELLE RD ,,,BANGOR,ME,4401,4405,,1,1,8,806,806,80,,,,,,,,,,,,,,,,,,,,,,
7000065168,481,,W BROADWAY  ,,,BANGOR,ME,4401,4405,,1,1,8,806,806,80,,,,,,,,,,,,,,,,,,,,,,
7000065168,481,,W BROADWAY  ,,,BANGOR,ME,4401,4405,,1,1,8,806,806,80,,,,,,,,,,,,,,,,,,,,,,
7000065685,481,, TARGET INDUSTRIAL CIR ,,,BANGOR,ME,4401,4405,,1,2,8,806,806,80,,,,,,,,,,,,,,,,,,,,,,
7000065685,481,, TARGET INDUSTRIAL CIR ,,,BANGOR,ME,4401,4405,,1,2,8,806,806,80,,,,,,,,,,,,,,,,,,,,,,
7000064690,115,, MAINE AVE ,,,BANGOR,ME,4401,4405,,1,2,8,806,806,80,,,,,,,,,,,,,,,,,,,,,,
7000064690,115,, MAINE AVE ,,,BANGOR,ME,4401,4405,,1,2,8,806,806,80,,,,,,,,,,,,,,,,,,,,,,
7000065853,115,, HAMMOND ST ,,,BANGOR,ME,4401,4405,,1,2,8,806,806,80,,,,,,,,,,,,,,,,,,,,,,
7000065853,115,, HAMMOND ST ,,,BANGOR,ME,4401,4405,,1,2,8,806,806,80,,,,,,,,,,,,,,,,,,,,,,
7000064986,17,,W BROADWAY  ,,,BANGOR,ME,4401,4405,,1,1,8,806,806,80,,,,,,,,,,,,,,,,,,,,,,
7000064986,17,,W BROADWAY  ,,,BANGOR,ME,4401,4405,,1,1,8,806,806,80,,,,,,,,,,,,,,,,,,,,,,
7000066278,17,, PIER ST ,,,BANGOR,ME,4401,4405,,1,1,8,806,806,80,,,,,,,,,,,,,,,,,,,,,,
7000066278,17,, PIER ST ,,,BANGOR,ME,4401,4405,,1,1,8,806,806,80,,,,,,,,,,,,,,,,,,,,,,
7000065980,52,, HAMMOND ST ,,,BANGOR,ME,4401,4405,,1,1,8,806,806,80,,,,,,,,,,,,,,,,,,,,,,
7000065980,52,, HAMMOND ST ,,,BANGOR,ME,4401,4405,,1,1,8,806,806,80,,,,,,,,,,,,,,,,,,,,,,
7000066587,52,, ODLIN RD ,UNIT 4,,BANGOR,ME,4401,4405,,1,2,8,806,806,80,,,,,,,,,,,,,,,,,,,,,,
7000066587,52,, ODLIN RD ,UNIT 4,,BANGOR,ME,4401,4405,,1,2,8,806,806,80,,,,,,,,,,,,,,,,,,,,,,
7000062115,20,, DOWD RD ,,,BANGOR,ME,4401,4405,,1,2,8,806,806,80,,,,,,,,,,,,,,,,,,,,,,
7000062115,20,, DOWD RD ,,,BANGOR,ME,4401,4405,,1,2,8,806,806,80,,,,,,,,,,,,,,,,,,,,,,
7000065579,20,,W BROADWAY  ,,,BANGOR,ME,4401,4405,,1,1,8,806,806,80,,,,,,,,,,,,,,,,,,,,,,
7000065579,20,,W BROADWAY  ,,,BANGOR,ME,4401,4405,,1,1,8,806,806,80,,,,,,,,,,,,,,,,,,,,,,
7000066003,60,, HAMMOND ST ,,,BANGOR,ME,4401,4405,,1,2,8,806,806,80,,,,,,,,,,,,,,,,,,,,,,
7000066003,60,, HAMMOND ST ,,,BANGOR,ME,4401,4405,,1,2,8,806,806,80,,,,,,,,,,,,,,,,,,,,,,
7000066833,60,,N HILDRETH ST ,PHASE I,,BANGOR,ME,4401,4405,,1,2,8,806,806,80,,,,,,,,,,,,,,,,,,,,,,
7000066833,60,,N HILDRETH ST ,PHASE I,,BANGOR,ME,4401,4405,,1,2,8,806,806,80,,,,,,,,,,,,,,,,,,,,,,
7000066641,9,,W BROADWAY  ,,,BANGOR,ME,4401,4405,,1,1,8,806,806,80,,,,,,,,,,,,,,,,,,,,,,
7000066641,9,,W BROADWAY  ,,,BANGOR,ME,4401,4405,,1,1,8,806,806,80,,,,,,,,,,,,,,,,,,,,,,
7000066002,9,, WEBSTER AVE ,,,BANGOR,ME,4401,4405,,1,1,8,806,806,80,,,,,,,,,,,,,,,,,,,,,,
7000066002,9,, WEBSTER AVE ,,,BANGOR,ME,4401,4405,,1,1,8,806,806,80,,,,,,,,,,,,,,,,,,,,,,
7000066407,189,,W BROADWAY  ,,,BANGOR,ME,4401,4405,,1,1,8,806,806,80,,,,,,,,,,,,,,,,,,,,,,
7000066407,189,,W BROADWAY  ,,,BANGOR,ME,4401,4405,,1,1,8,806,806,80,,,,,,,,,,,,,,,,,,,,,,
7000065182,189,, ODLIN RD ,A,,BANGOR,ME,4401,4405,,1,2,8,806,806,80,,,,,,,,,,,,,,,,,,,,,,
7000065182,189,, ODLIN RD ,A,,BANGOR,ME,4401,4405,,1,2,8,806,806,80,,,,,,,,,,,,,,,,,,,,,,
7000065170,1114,, ODLIN RD ,PATIO SIDE BLEECHERS,,BANGOR,ME,4401,4405,,1,2,8,806,806,80,,,,,,,,,,,,,,,,,,,,,,
7000065170,1114,, ODLIN RD ,PATIO SIDE BLEECHERS,,BANGOR,ME,4401,4405,,1,2,8,806,806,80,,,,,,,,,,,,,,,,,,,,,,
7000065176,1114,, ODLIN RD ,,,BANGOR,ME,4401,4405,,1,2,8,806,806,80,,,,,,,,,,,,,,,,,,,,,,
7000065176,1114,, ODLIN RD ,,,BANGOR,ME,4401,4405,,1,2,8,806,806,80,,,,,,,,,,,,,,,,,,,,,,
7000064980,10,,W BROADWAY  ,,,BANGOR,ME,4401,4405,,1,1,8,806,806,80,,,,,,,,,,,,,,,,,,,,,,
7000064980,10,,W BROADWAY  ,,,BANGOR,ME,4401,4405,,1,1,8,806,806,80,,,,,,,,,,,,,,,,,,,,,,
7000065900,10,, PIER ST ,,,BANGOR,ME,4401,4405,,1,1,8,806,806,80,,,,,,,,,,,,,,,,,,,,,,
7000065900,10,, PIER ST ,,,BANGOR,ME,4401,4405,,1,1,8,806,806,80,,,,,,,,,,,,,,,,,,,,,,
7000066045,57,, HAMMOND ST ,UNIT 1,,BANGOR,ME,4401,4405,,1,2,8,806,806,80,,,,,,,,,,,,,,,,,,,,,,
7000066045,57,, HAMMOND ST ,UNIT 1,,BANGOR,ME,4401,4405,,1,2,8,806,806,80,,,,,,,,,,,,,,,,,,,,,,
7000066314,57,, BOUTELLE RD ,,,BANGOR,ME,4401,4405,,1,1,8,806,806,80,,,,,,,,,,,,,,,,,,,,,,
7000066314,57,, BOUTELLE RD ,,,BANGOR,ME,4401,4405,,1,1,8,806,806,80,,,,,,,,,,,,,,,,,,,,,,
7000065804,592,, PERRY RD ,,,BANGOR,ME,4401,4405,,1,2,8,806,806,80,,,,,,,,,,,,,,,,,,,,,,
7000065804,592,, PERRY RD ,,,BANGOR,ME,4401,4405,,1,2,8,806,806,80,,,,,,,,,,,,,,,,,,,,,,
7000065948,592,, PIER ST ,,,BANGOR,ME,4401,4405,,1,1,8,806,806,80,,,,,,,,,,,,,,,,,,,,,,
7000065948,592,, PIER ST ,,,BANGOR,ME,4401,4405,,1,1,8,806,806,80,,,,,,,,,,,,,,,,,,,,,,
7000067566,72,, LEXINGTON DR ,,,HERMON,ME,4401,4405,,1,2,8,806,806,80,,,,,,,,,,,,,,,,,,,,,,
7000067566,72,, LEXINGTON DR ,,,HERMON,ME,4401,4405,,1,2,8,806,806,80,,,,,,,,,,,,,,,,,,,,,,
7000066452,72,, ROYAL RD ,,,BANGOR,ME,4401,4405,,1,1,8,806,806,80,,,,,,,,,,,,,,,,,,,,,,
7000066452,72,, ROYAL RD ,,,BANGOR,ME,4401,4405,,1,1,8,806,806,80,,,,,,,,,,,,,,,,,,,,,,
7000066659,610,,W BROADWAY  ,,,BANGOR,ME,4401,4405,,1,1,8,806,806,80,,,,,,,,,,,,,,,,,,,,,,
7000066659,610,,W BROADWAY  ,,,BANGOR,ME,4401,4405,,1,1,8,806,806,80,,,,,,,,,,,,,,,,,,,,,,
7000066721,610,, WHITE PINE RD ,nan,,HERMON,ME,4401,4405,,1,2,8,806,806,80,,,,,,,,,,,,,,,,,,,,,,
7000066721,610,, WHITE PINE RD ,nan,,HERMON,ME,4401,4405,,1,2,8,806,806,80,,,,,,,,,,,,,,,,,,,,,,
7000065754,284,, ODLIN RD ,,,BANGOR,ME,4401,4405,,1,2,8,806,806,80,,,,,,,,,,,,,,,,,,,,,,
7000065754,284,, ODLIN RD ,,,BANGOR,ME,4401,4405,,1,2,8,806,806,80,,,,,,,,,,,,,,,,,,,,,,
7000065477,284,, DOWD RD ,,,BANGOR,ME,4401,4405,,1,2,8,806,806,80,,,,,,,,,,,,,,,,,,,,,,
7000065477,284,, DOWD RD ,,,BANGOR,ME,4401,4405,,1,2,8,806,806,80,,,,,,,,,,,,,,,,,,,,,,
7000065676,953,, NORWAY RD ,,,BANGOR,ME,4401,4405,,1,1,8,806,806,80,,,,,,,,,,,,,,,,,,,,,,
7000065676,953,, NORWAY RD ,,,BANGOR,ME,4401,4405,,1,1,8,806,806,80,,,,,,,,,,,,,,,,,,,,,,
7000065592,953,, PIER ST ,,,BANGOR,ME,4401,4405,,1,1,8,806,806,80,,,,,,,,,,,,,,,,,,,,,,
7000065592,953,, PIER ST ,,,BANGOR,ME,4401,4405,,1,1,8,806,806,80,,,,,,,,,,,,,,,,,,,,,,
7000066485,250,,W BROADWAY  ,,,BANGOR,ME,4401,4405,,1,1,8,806,806,80,,,,,,,,,,,,,,,,,,,,,,
7000066485,250,,W BROADWAY  ,,,BANGOR,ME,4401,4405,,1,1,8,806,806,80,,,,,,,,,,,,,,,,,,,,,,
7000065496,250,, SILVER RD ,,,BANGOR,ME,4401,4405,,1,1,8,806,806,80,,,,,,,,,,,,,,,,,,,,,,
7000065496,250,, SILVER RD ,,,BANGOR,ME,4401,4405,,1,1,8,806,806,80,,,,,,,,,,,,,,,,,,,,,,
7000065838,327,, SILVER RD ,,,BANGOR,ME,4401,4405,,1,1,8,806,806,80,,,,,,,,,,,,,,,,,,,,,,
7000065838,327,, SILVER RD ,,,BANGOR,ME,4401,4405,,1,1,8,806,806,80,,,,,,,,,,,,,,,,,,,,,,
7000065844,327,, SILVER RD ,,,BANGOR,ME,4401,4405,,1,1,8,806,806,80,,,,,,,,,,,,,,,,,,,,,,
7000065844,327,, SILVER RD ,,,BANGOR,ME,4401,4405,,1,1,8,806,806,80,,,,,,,,,,,,,,,,,,,,,,
7000065862,357,, SILVER RD ,,,BANGOR,ME,4401,4405,,1,1,8,806,806,80,,,,,,,,,,,,,,,,,,,,,,
7000065862,357,, SILVER RD ,,,BANGOR,ME,4401,4405,,1,1,8,806,806,80,,,,,,,,,,,,,,,,,,,,,,
7000065856,357,, SILVER RD ,,,BANGOR,ME,4401,4405,,1,1,8,806,806,80,,,,,,,,,,,,,,,,,,,,,,
7000065856,357,, SILVER RD ,,,BANGOR,ME,4401,4405,,1,1,8,806,806,80,,,,,,,,,,,,,,,,,,,,,,
7000065832,357,, SEVENTH ST ,,,BANGOR,ME,4401,4405,,1,1,8,806,806,80,,,,,,,,,,,,,,,,,,,,,,
7000065832,357,, SEVENTH ST ,,,BANGOR,ME,4401,4405,,1,1,8,806,806,80,,,,,,,,,,,,,,,,,,,,,,
7000065880,357,, SILVER RD ,,,BANGOR,ME,4401,4405,,1,1,8,806,806,80,,,,,,,,,,,,,,,,,,,,,,
7000065880,357,, SILVER RD ,,,BANGOR,ME,4401,4405,,1,1,8,806,806,80,,,,,,,,,,,,,,,,,,,,,,
7000065886,357,, SEVENTH ST ,,,BANGOR,ME,4401,4405,,1,1,8,806,806,80,,,,,,,,,,,,,,,,,,,,,,
7000065886,357,, SEVENTH ST ,,,BANGOR,ME,4401,4405,,1,1,8,806,806,80,,,,,,,,,,,,,,,,,,,,,,
7000065826,357,, SILVER RD ,,,BANGOR,ME,4401,4405,,1,1,8,806,806,80,,,,,,,,,,,,,,,,,,,,,,
7000065826,357,, SILVER RD ,,,BANGOR,ME,4401,4405,,1,1,8,806,806,80,,,,,,,,,,,,,,,,,,,,,,
7000065850,93,, SILVER RD ,,,BANGOR,ME,4401,4405,,1,1,8,806,806,80,,,,,,,,,,,,,,,,,,,,,,
7000065850,93,, SILVER RD ,,,BANGOR,ME,4401,4405,,1,1,8,806,806,80,,,,,,,,,,,,,,,,,,,,,,
7000065874,93,, SILVER RD ,,,BANGOR,ME,4401,4405,,1,1,8,806,806,80,,,,,,,,,,,,,,,,,,,,,,
7000065874,93,, SILVER RD ,,,BANGOR,ME,4401,4405,,1,1,8,806,806,80,,,,,,,,,,,,,,,,,,,,,,
7000066144,31,, ODLIN RD ,,,BANGOR,ME,4401,4405,,1,2,8,806,806,80,,,,,,,,,,,,,,,,,,,,,,
7000066144,31,, ODLIN RD ,,,BANGOR,ME,4401,4405,,1,2,8,806,806,80,,,,,,,,,,,,,,,,,,,,,,
7000065868,31,, SILVER RD ,,,BANGOR,ME,4401,4405,,1,1,8,806,806,80,,,,,,,,,,,,,,,,,,,,,,
7000065868,31,, SILVER RD ,,,BANGOR,ME,4401,4405,,1,1,8,806,806,80,,,,,,,,,,,,,,,,,,,,,,
7000065966,120,, TARGET INDUSTRIAL CIR ,,,BANGOR,ME,4401,4405,,1,2,8,806,806,80,,,,,,,,,,,,,,,,,,,,,,
7000065966,120,, TARGET INDUSTRIAL CIR ,,,BANGOR,ME,4401,4405,,1,2,8,806,806,80,,,,,,,,,,,,,,,,,,,,,,
7000066210,120,, HILDRETH ST N,nan,,BANGOR,ME,4401,4405,,1,2,8,806,806,80,,,,,,,,,,,,,,,,,,,,,,
7000066210,120,, HILDRETH ST N,nan,,BANGOR,ME,4401,4405,,1,2,8,806,806,80,,,,,,,,,,,,,,,,,,,,,,
7000066348,248,, PERRY RD ,,,BANGOR,ME,4401,4405,,1,2,8,806,806,80,,,,,,,,,,,,,,,,,,,,,,
7000066348,248,, PERRY RD ,,,BANGOR,ME,4401,4405,,1,2,8,806,806,80,,,,,,,,,,,,,,,,,,,,,,
7000065415,248,, HAMMOND ST ,,,BANGOR,ME,4401,4405,,1,2,8,806,806,80,,,,,,,,,,,,,,,,,,,,,,
7000065415,248,, HAMMOND ST ,,,BANGOR,ME,4401,4405,,1,2,8,806,806,80,,,,,,,,,,,,,,,,,,,,,,
7000061812,900,, ODLIN RD ,,,BANGOR,ME,4401,4405,,1,2,8,806,806,80,,,,,,,,,,,,,,,,,,,,,,
7000061812,900,, ODLIN RD ,,,BANGOR,ME,4401,4405,,1,2,8,806,806,80,,,,,,,,,,,,,,,,,,,,,,
7000066806,900,, NORWAY RD ,,,BANGOR,ME,4401,4405,,1,1,8,806,806,80,,,,,,,,,,,,,,,,,,,,,,
7000066806,900,, NORWAY RD ,,,BANGOR,ME,4401,4405,,1,1,8,806,806,80,,,,,,,,,,,,,,,,,,,,,,
7000067088,900,A,W BROADWAY  , UNIT 2,,BANGOR,ME,4401,4405,,1,1,8,806,806,80,,,,,,,,,,,,,,,,,,,,,,
7000067088,900,A,W BROADWAY  , UNIT 2,,BANGOR,ME,4401,4405,,1,1,8,806,806,80,,,,,,,,,,,,,,,,,,,,,,
7000066264,900,A, ODLIN RD ,,,BANGOR,ME,4401,4405,,1,2,8,806,806,80,,,,,,,,,,,,,,,,,,,,,,
7000066264,900,A, ODLIN RD ,,,BANGOR,ME,4401,4405,,1,2,8,806,806,80,,,,,,,,,,,,,,,,,,,,,,
7000067094,890,,W BROADWAY  ,UNIT 1,,BANGOR,ME,4401,4405,,1,1,8,806,806,80,,,,,,,,,,,,,,,,,,,,,,
7000067094,890,,W BROADWAY  ,UNIT 1,,BANGOR,ME,4401,4405,,1,1,8,806,806,80,,,,,,,,,,,,,,,,,,,,,,
7000066782,890,, NORWAY RD ,,,BANGOR,ME,4401,4405,,1,1,8,806,806,80,,,,,,,,,,,,,,,,,,,,,,
7000066782,890,, NORWAY RD ,,,BANGOR,ME,4401,4405,,1,1,8,806,806,80,,,,,,,,,,,,,,,,,,,,,,
7000066788,300,, NORWAY RD ,,,BANGOR,ME,4401,4405,,1,1,8,806,806,80,,,,,,,,,,,,,,,,,,,,,,
7000066788,300,, NORWAY RD ,,,BANGOR,ME,4401,4405,,1,1,8,806,806,80,,,,,,,,,,,,,,,,,,,,,,
7000066500,300,, WEBSTER AVE ,,,BANGOR,ME,4401,4405,,1,1,8,806,806,80,,,,,,,,,,,,,,,,,,,,,,
7000066500,300,, WEBSTER AVE ,,,BANGOR,ME,4401,4405,,1,1,8,806,806,80,,,,,,,,,,,,,,,,,,,,,,
7000067007,101,, NORWAY RD ,,,BANGOR,ME,4401,4405,,1,1,8,806,806,80,,,,,,,,,,,,,,,,,,,,,,
7000067007,101,, NORWAY RD ,,,BANGOR,ME,4401,4405,,1,1,8,806,806,80,,,,,,,,,,,,,,,,,,,,,,
7000066572,101,, WEBSTER AVE ,,,BANGOR,ME,4401,4405,,1,1,8,806,806,80,,,,,,,,,,,,,,,,,,,,,,
7000066572,101,, WEBSTER AVE ,,,BANGOR,ME,4401,4405,,1,1,8,806,806,80,,,,,,,,,,,,,,,,,,,,,,
7000066290,139,, WEBSTER AVE ,,,BANGOR,ME,4401,4405,,1,1,8,806,806,80,,,,,,,,,,,,,,,,,,,,,,
7000066290,139,, WEBSTER AVE ,,,BANGOR,ME,4401,4405,,1,1,8,806,806,80,,,,,,,,,,,,,,,,,,,,,,
7000067226,139,, PIER ST ,,,BANGOR,ME,4401,4405,,1,1,8,806,806,80,,,,,,,,,,,,,,,,,,,,,,
7000067226,139,, PIER ST ,,,BANGOR,ME,4401,4405,,1,1,8,806,806,80,,,,,,,,,,,,,,,,,,,,,,
7000065888,336,, PIER ST ,,,BANGOR,ME,4401,4405,,1,1,8,806,806,80,,,,,,,,,,,,,,,,,,,,,,
7000065888,336,, PIER ST ,,,BANGOR,ME,4401,4405,,1,1,8,806,806,80,,,,,,,,,,,,,,,,,,,,,,
7000065610,336,, MAINE AVE , GENERATOR 2,,BANGOR,ME,4401,4405,,1,2,8,806,806,80,,,,,,,,,,,,,,,,,,,,,,
7000065610,336,, MAINE AVE , GENERATOR 2,,BANGOR,ME,4401,4405,,1,2,8,806,806,80,,,,,,,,,,,,,,,,,,,,,,
7000065193,576,, HAMMOND ST ,,,BANGOR,ME,4401,4405,,1,2,8,806,806,80,,,,,,,,,,,,,,,,,,,,,,
7000065193,576,, HAMMOND ST ,,,BANGOR,ME,4401,4405,,1,2,8,806,806,80,,,,,,,,,,,,,,,,,,,,,,
7000067330,576,, HAMMOND ST ,,,BANGOR,ME,4401,4405,,1,1,8,806,806,80,,,,,,,,,,,,,,,,,,,,,,
7000067330,576,, HAMMOND ST ,,,BANGOR,ME,4401,4405,,1,1,8,806,806,80,,,,,,,,,,,,,,,,,,,,,,
7000065831,1122,, HAMMOND ST ,,,BANGOR,ME,4401,4405,,1,2,8,806,806,80,,,,,,,,,,,,,,,,,,,,,,
7000065831,1122,, HAMMOND ST ,,,BANGOR,ME,4401,4405,,1,2,8,806,806,80,,,,,,,,,,,,,,,,,,,,,,
7000066606,1122,, PIER ST ,,,BANGOR,ME,4401,4405,,1,1,8,806,806,80,,,,,,,,,,,,,,,,,,,,,,
7000066606,1122,, PIER ST ,,,BANGOR,ME,4401,4405,,1,1,8,806,806,80,,,,,,,,,,,,,,,,,,,,,,
7000063350,336,, HAMMOND ST ,,,BANGOR,ME,4401,4405,,1,2,8,806,806,80,,,,,,,,,,,,,,,,,,,,,,
7000063350,336,, HAMMOND ST ,,,BANGOR,ME,4401,4405,,1,2,8,806,806,80,,,,,,,,,,,,,,,,,,,,,,
7000067529,336,, BOUTELLE RD ,,,BANGOR,ME,4401,4405,,1,1,8,806,806,80,,,,,,,,,,,,,,,,,,,,,,
7000067529,336,, BOUTELLE RD ,,,BANGOR,ME,4401,4405,,1,1,8,806,806,80,,,,,,,,,,,,,,,,,,,,,,
7000065882,415,, PIER ST ,,,BANGOR,ME,4401,4405,,1,1,8,806,806,80,,,,,,,,,,,,,,,,,,,,,,
7000065882,415,, PIER ST ,,,BANGOR,ME,4401,4405,,1,1,8,806,806,80,,,,,,,,,,,,,,,,,,,,,,
7000066510,415,, NORWAY RD ,,,BANGOR,ME,4401,4405,,1,1,8,806,806,80,,,,,,,,,,,,,,,,,,,,,,
7000066510,415,, NORWAY RD ,,,BANGOR,ME,4401,4405,,1,1,8,806,806,80,,,,,,,,,,,,,,,,,,,,,,
7000066558,17,, NORWAY RD ,,,BANGOR,ME,4401,4405,,1,1,8,806,806,80,,,,,,,,,,,,,,,,,,,,,,
7000066558,17,, NORWAY RD ,,,BANGOR,ME,4401,4405,,1,1,8,806,806,80,,,,,,,,,,,,,,,,,,,,,,
TRAILER,,,,,,,,,,,,,,,,,,,,,,,,,,,,,,,,,,,,,,
